gene	p_val	avg_log2FC	pct.1	pct.2	p_val_adj
Hba-a2	1.166714173351392e-106	6.751718156521921	1	0.186	2.333428346702784e-103
Hba-a1	1.336566096911102e-106	6.188467285045679	1	0.208	2.673132193822204e-103
Hbb-bt	5.033792978721827e-106	6.929869639030045	1	0.17	1.0067585957443654e-102
Hbb-bs	9.043220644909914e-106	5.623024025836891	1	0.236	1.8086441289819827e-102
Alas2	9.132888096875076e-78	6.707151150795525	0.902	0.128	1.8265776193750153e-74
Hmgb2	1.5581225807651607e-73	-21.741016461298997	0.012	0.294	3.1162451615303213e-70
Ptma	3.2703222915268456e-73	-10.84522075870389	0.024	0.437	6.540644583053691e-70
Rrm2	5.4472168635977016e-73	-18.386556256414	0.012	0.25	1.0894433727195403e-69
Rps29	6.344437179617263e-68	-3.6672150926591933	0.085	0.48	1.2688874359234526e-64
H2afz	3.356965639329816e-67	-14.502849438407555	0.018	0.355	6.713931278659632e-64
Top2a	5.651356871196896e-66	-20.012807389613165	0.018	0.225	1.1302713742393791e-62
Hist1h2ae	3.9904616160648795e-65	-19.712613804326022	0	0.201	7.980923232129759e-62
Cdca8	3.349562341907234e-64	-14.718546879806391	0.03	0.224	6.699124683814468e-61
Prc1	2.6479652683692624e-63	-16.147264071181777	0.024	0.188	5.295930536738525e-60
Spc24	3.0782459112457715e-60	-12.859647606641019	0.03	0.244	6.156491822491543e-57
Hist1h2ap	1.503754656979141e-59	-20.129632800187164	0.012	0.237	3.007509313958282e-56
Fbxo5	2.519759375551829e-59	-15.132736504430506	0.043	0.22	5.0395187511036575e-56
Ran	2.710759977924282e-59	-5.564333838628787	0.061	0.4	5.4215199558485645e-56
Ccna2	7.443873831610525e-59	-12.85085056171935	0.03	0.204	1.488774766322105e-55
Bcl2a1a	3.256959993107409e-58	-14.763902189641975	0.012	0.159	6.513919986214818e-55
Tuba1b	3.4545434586903025e-58	-15.452994744235632	0.043	0.311	6.909086917380605e-55
Cenpf	4.893692647543856e-58	-19.108951526495236	0.012	0.174	9.787385295087712e-55
Nusap1	1.0754503077861328e-57	-19.231041420628532	0.037	0.179	2.1509006155722655e-54
Rpl22l1	1.0893812281804134e-57	-5.75222814349941	0.061	0.393	2.178762456360827e-54
Rps20	1.1274154130711877e-57	-3.386335545990757	0.085	0.436	2.2548308261423754e-54
Cdca3	1.625026830755765e-57	-11.183808958701087	0.012	0.2	3.25005366151153e-54
Tpx2	3.1420029322176286e-57	-14.116353148160064	0.018	0.188	6.284005864435257e-54
Cdk1	3.6753471724955915e-57	-13.922519952283794	0.049	0.218	7.350694344991183e-54
H2afx	5.89496674701635e-57	-19.977140812244823	0.018	0.266	1.17899334940327e-53
Hist1h4d	3.4450967202172076e-56	-16.99556215563225	0.018	0.216	6.890193440434416e-53
Rplp0	4.362212850201237e-56	-2.618374113420491	0.11	0.463	8.724425700402473e-53
Esco2	6.935365517683575e-56	-12.705899464714427	0.012	0.167	1.387073103536715e-52
Hint1	7.216542600427957e-56	-5.782140962985266	0.049	0.393	1.4433085200855913e-52
Hmgn2	9.469461843994813e-56	-15.959898648451148	0.03	0.348	1.8938923687989625e-52
Hist1h1b	1.5028461490398113e-55	-19.751790394624827	0.037	0.199	3.0056922980796226e-52
Rpl36a	2.5508986534767333e-55	-1.7358811212624563	0.073	0.42	5.1017973069534665e-52
Birc5	2.9150774472624186e-55	-16.6075564585135	0.03	0.239	5.8301548945248374e-52
Rpsa	4.716096679953919e-55	-6.743240215682406	0.098	0.432	9.432193359907837e-52
Lgals1	7.250991765895902e-55	-15.785962730870716	0.049	0.348	1.4501983531791804e-51
Ccnb2	7.609445827819332e-55	-14.515481416471523	0.055	0.224	1.5218891655638662e-51
Ppia	8.249855607412954e-55	-2.5214657091475443	0.079	0.481	1.6499711214825908e-51
Pbk	1.568542699654398e-54	-12.30261430030179	0.024	0.187	3.137085399308796e-51
Smc2	3.442191969795616e-54	-7.47986287888158	0.055	0.285	6.884383939591232e-51
Rpl14	6.069268007022969e-54	-3.3303783730016954	0.104	0.414	1.213853601404594e-50
Kif11	6.109229353494333e-54	-13.780609723766656	0.024	0.181	1.2218458706988666e-50
Cenpe	7.464964789223774e-54	-14.539718354422282	0.037	0.186	1.4929929578447548e-50
Clspn	1.3286254412672507e-53	-12.294266866196143	0.043	0.236	2.6572508825345014e-50
Mki67	4.194246300925465e-53	-17.483656468395377	0.055	0.207	8.388492601850931e-50
Ccnb1	4.89573495612269e-53	-13.66085095900392	0.043	0.18	9.7914699122453809e-50
Cks2	2.5138777380632394e-52	-10.593248600021173	0.061	0.252	5.027755476126479e-49
Spc25	6.259553935245393e-52	-14.348975554260859	0.018	0.184	1.2519107870490786e-48
Hist1h1e	1.2103856251455167e-51	-17.304417460720074	0.073	0.213	2.4207712502910335e-48
Trim10	1.6139866427819175e-51	-14.03740876039133	0.037	0.207	3.227973285563835e-48
Dek	1.6210803014987125e-51	-9.973231089104486	0.073	0.357	3.242160602997425e-48
Tspan33	1.7894542860918592e-50	3.207731836607767	0.037	0.173	3.5789085721837184e-47
Npm1	1.874433374390369e-50	-5.606954159660571	0.134	0.403	3.748866748780738e-47
Tacc3	2.25156705956198e-50	-11.310335101772303	0.018	0.205	4.50313411912396e-47
Stmn1	2.981935529775884e-50	-15.347401635216587	0.055	0.353	5.963871059551768e-47
Hells	2.307344637389353e-49	-7.912919752461888	0.049	0.267	4.614689274778706e-46
Hist1h3c	2.8114264622299617e-49	-13.707883674427453	0.012	0.161	5.622852924459924e-46
Htra3	4.132183200716691e-49	-15.224459168847748	0.018	0.12	8.264366401433382e-46
Cenpa	8.847422819861467e-49	-15.412512422998521	0.049	0.228	1.7694845639722935e-45
Paqr9	2.9107070319624866e-48	3.756114507419584	0.061	0.149	5.821414063924973e-45
Fos	2.98571546334354e-48	-18.776784754541335	0.03	0.145	5.97143092668708e-45
Dut	9.092604745402541e-48	-9.330898312609083	0.073	0.363	1.8185209490805083e-44
Pttg1	2.105999897916911e-47	-11.58869779648934	0.073	0.24	4.211999795833822e-44
Tyrobp	3.1777278029868215e-47	-17.140148598937966	0.024	0.102	6.355455605973643e-44
Tagln2	5.848018309108079e-47	-14.622372597908052	0.067	0.272	1.1696036618216156e-43
Nucks1	8.338720396716575e-47	-7.267128280967661	0.061	0.361	1.667744079343315e-43
Tubb4b	9.351297545695587e-47	-13.342962004615917	0.049	0.341	1.8702595091391173e-43
Anp32b	1.4911235740738004e-46	-4.973592039693983	0.116	0.412	2.982247148147601e-43
Ube2c	6.090600780245363e-46	-18.91164129548343	0.079	0.2	1.2181201560490726e-42
Zmynd15	3.776258377569762e-45	-14.982759239886422	0.012	0.103	7.552516755139524e-42
Aurkb	4.915492020898037e-45	-11.748290741912726	0.03	0.187	9.830984041796073e-42
Fabp5	5.87926685238195e-45	-16.71344727537869	0.067	0.318	1.17585337047639e-41
Cdc20	8.889856111418024e-45	-14.528582443057035	0.055	0.209	1.7779712222836048e-41
Plac8	9.134502670402544e-45	-17.64438740634611	0.018	0.156	1.8269005340805088e-41
Ifitm2	1.2746058461974582e-44	-16.413039947907215	0.055	0.135	2.5492116923949164e-41
Igfbp4	2.411961346681188e-44	-17.27665791754483	0.03	0.102	4.823922693362376e-41
Kpna2	2.91467898473631e-44	-13.306024027095676	0.055	0.17	5.829357969472621e-41
Tubb5	3.353332449846018e-44	-11.209515024898426	0.073	0.396	6.706664899692036e-41
Tnni2	3.8122152896401144e-44	-14.537942094128567	0.012	0.169	7.624430579280229e-41
Lig1	4.0820114855504666e-44	-10.88507320859521	0.055	0.254	8.164022971100933e-41
Tyms	2.1262603473238252e-43	-13.305468484064313	0.061	0.249	4.25252069464765e-40
Batf3	2.220203605146495e-43	-14.70711713596491	0.012	0.104	4.4404072102929894e-40
Hist1h1a	4.638946745215695e-43	-13.083223998907018	0.006	0.178	9.27789349043139e-40
Rps2	6.837657415455768e-43	-3.5613302564364218	0.134	0.406	1.3675314830911537e-39
Phgdh	1.0412519434371192e-42	-10.938752913274946	0.079	0.312	2.0825038868742385e-39
Dlk1	1.0853732399378502e-42	-21.771202068729057	0.018	0.117	2.1707464798757005e-39
Ranbp1	1.787101889563781e-42	-4.772796676821156	0.091	0.381	3.574203779127562e-39
Cd83	2.9837746456494925e-42	-10.847723311313036	0.006	0.111	5.967549291298985e-39
Tmcc2	3.9259015587964966e-42	-4.003325929543802	0.043	0.13	7.851803117592993e-39
Nupr1	5.635325243195324e-42	-16.295192900231413	0.012	0.111	1.1270650486390647e-38
Mis18bp1	1.1653762294502265e-41	-4.200871403562237	0.024	0.177	2.330752458900453e-38
Tppp3	1.4356015220506552e-41	-16.24366493873444	0	0.108	2.87120304410131e-38
Ebf1	2.3300977743712475e-41	-17.474297372712027	0	0.103	4.660195548742495e-38
Ubb	3.873395404864584e-41	-1.8699814948960305	0.098	0.467	7.746790809729168e-38
Slbp	4.627335176047056e-41	-11.114855692285637	0.067	0.321	9.254670352094111e-38
H2afv	6.835014418298648e-41	-9.688041107428072	0.055	0.396	1.3670028836597297e-37
Siva1	9.43140582718737e-41	-4.410911817082173	0.116	0.305	1.886281165437474e-37
Crip1	1.4114727690353363e-40	-17.306311976051887	0.043	0.317	2.8229455380706727e-37
Ncf2	5.018162102136947e-40	-15.189722766514896	0.012	0.105	1.0036324204273895e-36
Gas2l1	5.782837044124323e-40	-14.02121535754838	0.012	0.118	1.1565674088248646e-36
Incenp	9.773068606015301e-40	-8.540052366384046	0.067	0.201	1.9546137212030603e-36
Hmgb1	1.2715434353597716e-39	-7.781400093811548	0.043	0.502	2.543086870719543e-36
Klf1	2.5175042205278057e-39	4.318246516812303	0.049	0.165	5.0350084410556116e-36
Tmpo	2.6940858649721477e-39	-8.912383398627167	0.079	0.33	5.388171729944295e-36
H2-T22	4.188031072422355e-39	-12.392106893276953	0.085	0.318	8.37606214484471e-36
Slc4a1	5.873908306504379e-39	2.714542327718531	0.104	0.16	1.1747816613008758e-35
Hmmr	1.0813645974823706e-38	-13.058715572771803	0.055	0.169	2.1627291949647412e-35
Nap1l1	1.364485701698492e-38	-3.406102370764326	0.098	0.384	2.728971403396984e-35
Anp32e	2.686309246641481e-38	-9.06824334629755	0.079	0.394	5.372618493282962e-35
Vim	3.528350721423405e-38	-16.243296906285384	0.043	0.214	7.05670144284681e-35
Fth1	4.798645283233175e-38	-4.269364468366113	0.128	0.395	9.59729056646635e-35
Pcna	5.127473835571822e-38	-6.9539476540277985	0.091	0.322	1.0254947671143644e-34
Gypa	5.222244603533602e-38	3.4181965937130965	0.098	0.189	1.0444489207067204e-34
H2-T3	5.995523211630062e-38	-7.981389672528641	0.061	0.247	1.1991046423260123e-34
Tmsb4x	9.563057386646922e-38	-12.413900171737334	0.079	0.4	1.9126114773293842e-34
Ube2s	1.0254557509554556e-37	-10.67284933083262	0.067	0.377	2.0509115019109113e-34
Hist1h4h	1.1052715113971739e-37	-12.702795553579346	0.049	0.188	2.2105430227943476e-34
Actg1	3.317703179538987e-37	-4.292831964382972	0.134	0.426	6.635406359077975e-34
Mcm6	3.695268254200883e-37	-6.417281107505223	0.104	0.249	7.390536508401766e-34
Tpt1	4.5552595240504895e-37	-2.797742382375833	0.11	0.459	9.110519048100979e-34
Aif1	4.690793791077874e-37	-16.142020326135924	0.012	0.118	9.381587582155748e-34
Hbq1b	5.847656756365353e-37	5.537874693979585	0.11	0.191	1.1695313512730706e-33
Cdh11	6.050537659019716e-37	-14.51730418537399	0	0.116	1.2101075318039433e-33
Lyz2	6.1572101400807995e-37	-17.709731873597615	0.043	0.141	1.2314420280161599e-33
Hsp90ab1	6.599167749406743e-37	-3.5234596897543966	0.14	0.433	1.3198335498813487e-33
Igfbp6	1.0571837602981899e-36	-15.394507312031857	0.024	0.142	2.1143675205963797e-33
Ncl	1.9157976864652905e-36	-6.000770360623096	0.128	0.414	3.831595372930581e-33
Fxyd2	4.195934404652528e-36	-14.840521767801391	0.024	0.126	8.391868809305056e-33
Hck	4.558875336141331e-36	-14.243286639502829	0.012	0.122	9.117750672282661e-33
Eif5a	6.33997927822762e-36	-2.8929320400244736	0.128	0.422	1.267995855645524e-32
Spta1	8.40200468879455e-36	3.491161050333057	0.098	0.14	1.68040093775891e-32
Txn1	9.902516559382752e-36	-12.869999471160805	0.091	0.454	1.9805033118765505e-32
Pglyrp1	1.378477242980967e-35	-14.507292097667705	0	0.109	2.7569544859619343e-32
Tubb3	2.98228585951695e-35	-13.845898892304282	0.018	0.181	5.9645717190339e-32
Bcl2a1d	4.4226510643911005e-35	-12.268502229443847	0.043	0.124	8.8453021287822e-32
Ncf4	7.928820378495337e-35	-14.468274255592815	0.03	0.108	1.5857640756990675e-31
Psmb10	1.6648912704407512e-34	-14.702491773725807	0.104	0.284	3.3297825408815026e-31
Cdkn1a	1.7781558023286403e-34	-15.441245073048968	0	0.108	3.5563116046572808e-31
Mns1	1.8858463087495785e-34	-11.194768772795937	0.049	0.259	3.771692617499157e-31
Hsp90aa1	5.86363411684665e-34	-5.254021253643475	0.11	0.409	1.17272682336933e-30
Rcn3	6.792821023174508e-34	-14.765376623998963	0.006	0.102	1.3585642046349015e-30
H1fx	7.030378941808653e-34	-13.361178502306116	0.11	0.255	1.4060757883617307e-30
Dcn	1.3383360527913604e-33	-19.30885876150538	0.012	0.107	2.676672105582721e-30
Actb	1.3650278846198616e-33	-10.271755004733176	0.098	0.422	2.7300557692397233e-30
Dok3	1.8542310426300583e-33	-14.301404802859556	0	0.2	3.7084620852601165e-30
H3f3b	2.6061665284253913e-33	-3.0850942070164993	0.091	0.497	5.2123330568507824e-30
Bcl2a1b	3.32347817696263e-33	-14.01421955418912	0.037	0.11	6.64695635392526e-30
Arg2	3.831204904930973e-33	-14.371398218415996	0.012	0.143	7.662409809861945e-30
Tst	7.803925100568994e-33	-15.242271081959771	0	0.117	1.5607850201137987e-29
Rbms3	1.0481103501640818e-32	-14.345796779400224	0.006	0.107	2.0962207003281636e-29
Ddah2	1.1754540636919617e-32	-11.444237104512716	0.024	0.175	2.3509081273839232e-29
Ly6d	2.125616542885035e-32	-12.438908842473708	0.03	0.167	4.25123308577007e-29
Lmna	2.183953334383339e-32	-15.453649532733808	0.018	0.112	4.367906668766678e-29
Apod	3.5368772278504067e-32	-14.447875807562781	0.012	0.101	7.073754455700814e-29
Ltbp4	3.6187307368253816e-32	-15.215302786811863	0.018	0.106	7.237461473650763e-29
H2-Aa	3.8268780329248863e-32	-15.065071876528737	0.024	0.1	7.653756065849773e-29
Tnfaip2	4.918396059887868e-32	-14.105726438929016	0.012	0.113	9.836792119775736e-29
S100a1	5.03660422457673e-32	-12.206305905109176	0.012	0.103	1.007320844915346e-28
Ptcra	6.524786067206655e-32	-14.938837333165278	0.067	0.225	1.304957213441331e-28
Hist1h2bc	1.06738260908018e-31	-5.754627134103094	0.055	0.249	2.1347652181603597e-28
Plek	1.188133381647243e-31	-14.88104817261551	0.012	0.138	2.376266763294486e-28
Maged1	2.8199761180866114e-31	-14.975312050199067	0	0.118	5.639952236173223e-28
Cebpb	3.3554737985847835e-31	-12.103413367100037	0.055	0.215	6.710947597169567e-28
Klf2	4.799781370121173e-31	-3.7841767264758843	0.061	0.143	9.599562740242346e-28
Tuba1c	7.033838143039036e-31	-11.65200031256642	0.061	0.16	1.4067676286078072e-27
Tpm2	1.303955875932157e-30	-18.127541600700756	0	0.1	2.607911751864314e-27
Mif	1.713132510853467e-30	-5.945765690939027	0.128	0.37	3.426265021706934e-27
Hspb8	1.7133528401686073e-30	-14.179818034829898	0.012	0.114	3.426705680337214e-27
Ppfia4	2.0645870236862968e-30	-13.801715365591887	0.018	0.149	4.129174047372594e-27
Fgfbp1	2.1193870909115684e-30	-15.230537517608003	0.006	0.186	4.238774181823137e-27
Tbata	3.388931052018397e-30	-16.435516183140944	0.055	0.102	6.777862104036793e-27
Ifitm3	3.6173968415653146e-30	-10.037997290173918	0.079	0.154	7.23479368313063e-27
Rpl41	4.188590493289187e-30	-4.465549385989696	0.177	0.425	8.377180986578373e-27
Gzma	5.544804660996961e-30	-16.404207311966093	0.091	0.249	1.1089609321993923e-26
Cd14	5.684354695085667e-30	-14.581967933122082	0.037	0.124	1.1368709390171334e-26
Fscn1	6.731132312189354e-30	-14.508898503062744	0.024	0.116	1.3462264624378708e-26
Ptgs1	7.824383518559913e-30	3.4811167440809783	0.061	0.111	1.5648767037119827e-26
Anxa4	1.2021333255156924e-29	-14.97606396238664	0.012	0.114	2.4042666510313848e-26
Rab3il1	1.3473060586194716e-29	4.133834366868102	0.049	0.108	2.6946121172389434e-26
H2-DMa	3.6057333177901985e-29	-15.518324341321778	0.006	0.133	7.211466635580397e-26
Nudt17	3.999948708774348e-29	-14.06480856066715	0.024	0.102	7.999897417548696e-26
Set	4.236131727770145e-29	-3.5096823315807946	0.122	0.395	8.47226345554029e-26
Mia2	6.51863905030057e-29	-6.521140177404579	0.14	0.403	1.303727810060114e-25
Alox5ap	6.576788335245288e-29	-16.243499581620075	0.03	0.13	1.3153576670490576e-25
Fcgr2b	7.237806338598703e-29	-15.305294226593126	0	0.105	1.4475612677197405e-25
S100a11	8.317371302849431e-29	-17.17504806535696	0.085	0.172	1.6634742605698862e-25
Hist1h1d	8.373631702703919e-29	-14.046076221516808	0.049	0.187	1.6747263405407838e-25
Rab11fip5	9.489998434836982e-29	-14.11180500581931	0.006	0.105	1.8979996869673964e-25
Ccl5	1.0201680184958266e-28	-16.028038598089484	0.024	0.126	2.0403360369916531e-25
Hspd1	1.0899543688470782e-28	-11.2281282603209	0.104	0.363	2.179908737694156e-25
Ube2l6	1.5288798394410482e-28	5.228633290707059	0.695	0.169	3.057759678882096e-25
C1qb	1.5916706111913571e-28	-16.421552016943863	0.018	0.11	3.1833412223827144e-25
Capg	2.7034125509468465e-28	-14.842121186669496	0.024	0.124	5.406825101893693e-25
Unc93b1	3.1715088219704493e-28	-15.616821435084802	0	0.1	6.3430176439408985e-25
Cd163l1	4.2513030315388925e-28	-15.934989681869537	0.012	0.125	8.502606063077784e-25
Maged2	6.480613331768839e-28	-15.086846469867567	0.018	0.151	1.2961226663537679e-24
Fbln1	6.5873277589391895e-28	-15.15486410033388	0.012	0.124	1.3174655517878378e-24
Dnase1l3	1.2582099794185222e-27	-14.28834854271022	0.012	0.104	2.5164199588370444e-24
Ccnd2	1.3210358454060948e-27	-3.309160244677498	0.079	0.171	2.6420716908121895e-24
Bst2	1.4643647669200252e-27	-15.57905447169804	0.018	0.211	2.9287295338400505e-24
Blvrb	3.109453535810697e-27	2.5670914587512836	0.098	0.159	6.218907071621394e-24
Jph1	3.32379256546141e-27	-13.042528147204774	0.378	0.155	6.64758513092282e-24
Emp3	3.821826727256662e-27	-13.29154348412692	0.122	0.307	7.643653454513323e-24
Ednrb	4.9562341524150366e-27	-15.06355906997757	0	0.111	9.912468304830074e-24
Hebp1	7.273835071581451e-27	2.6897860573834897	0.012	0.142	1.4547670143162902e-23
Mt2	7.700807021788547e-27	2.4133803037949217	0.024	0.121	1.5401614043577096e-23
Emilin2	1.55045753515327e-26	-14.298202779501429	0.006	0.11	3.10091507030654e-23
Fcrl1	2.51557905425596e-26	-1.3101891420393503	0.006	0.147	5.03115810851192e-23
S100a8	2.5300007659114184e-26	-12.785653017634834	0.073	0.205	5.0600015318228367e-23
Atad2	3.132380608241278e-26	-8.595577497207318	0.134	0.287	6.264761216482556e-23
Fam131a	3.6003375300310836e-26	-14.381050585439656	0	0.229	7.200675060062167e-23
Eno3	3.9099103545306154e-26	-14.378669136504412	0.024	0.125	7.81982070906123e-23
Napsa	9.028954337664842e-26	-15.318044176982877	0	0.104	1.8057908675329685e-22
Ezh2	1.4581631462580678e-25	-4.907303231747065	0.14	0.372	2.916326292516136e-22
Cnn3	1.560857330569554e-25	-13.497257147447948	0.049	0.14	3.121714661139108e-22
Dclk1	2.0017396860485292e-25	-13.941478420227638	0.006	0.116	4.0034793720970583e-22
Lsamp	2.978385351901274e-25	-13.648465736692508	0.006	0.14	5.956770703802548e-22
Cstb	5.898993784642241e-25	-16.89939172427368	0.122	0.259	1.1797987569284483e-21
Ifi27l2a	1.754569497831178e-24	-17.304493696352356	0.049	0.205	3.509138995662356e-21
Mcemp1	3.3956066510859895e-24	-14.692981520713353	0.085	0.131	6.791213302171979e-21
Csrp2	3.624615370363033e-24	-15.754914012962148	0.006	0.116	7.249230740726065e-21
Rasgef1b	3.7676662362032404e-24	-13.733333325235154	0.012	0.154	7.535332472406481e-21
Ly6c1	4.50624658878599e-24	-14.974698312317317	0.018	0.119	9.01249317757198e-21
Pir	4.7929627333621896e-24	-12.191086495259736	0.043	0.125	9.585925466724379e-21
Krt18	5.679097559585497e-24	-17.10276749171469	0.073	0.113	1.1358195119170994e-20
Hfe	6.0911642688489154e-24	-14.212043685418164	0.006	0.141	1.218232853769783e-20
C1qc	8.12938859716479e-24	-16.94700873924248	0.024	0.102	1.6258777194329582e-20
Maf	8.878066298125825e-24	-16.152101857937613	0.018	0.116	1.775613259625165e-20
Cd74	1.409911181779291e-23	-5.261526448165629	0.128	0.126	2.819822363558582e-20
Slfn14	1.4419600295832425e-23	-3.226299087578502	0.134	0.234	2.883920059166485e-20
Dnaja4	2.0225444898377317e-23	-8.73489656194744	0.006	0.138	4.0450889796754633e-20
Thbs1	2.8331003703290863e-23	-14.390643940021707	0.018	0.102	5.666200740658173e-20
Cks1b	2.946454241173686e-23	-1.8950950421570782	0.134	0.314	5.892908482347372e-20
Lyn	3.956589794810478e-23	-15.517161856252931	0.024	0.112	7.913179589620956e-20
Nrep	4.6605928378406526e-23	-14.081063905324157	0.006	0.107	9.321185675681305e-20
Hspe1	4.673552836800888e-23	-3.786085146322087	0.104	0.383	9.347105673601775e-20
Hsp90b1	5.956306450717569e-23	-12.041670921547366	0.14	0.353	1.1912612901435138e-19
Egfl7	6.318595522255569e-23	-11.10750559502391	0.055	0.166	1.2637191044511138e-19
Lars2	6.491644415892143e-23	-0.6571929151948677	0.695	0.356	1.2983288831784286e-19
Hip1	7.273732657482662e-23	-11.87269843455396	0.012	0.15	1.4547465314965323e-19
Nanp	7.685876543571676e-23	-10.502511315105329	0.073	0.291	1.5371753087143352e-19
Ms4a4b	1.2084441120472827e-22	-0.2967206282335617	0.067	0.136	2.4168882240945653e-19
Ly6e	1.2088430691598144e-22	-11.869885875077081	0.11	0.391	2.417686138319629e-19
Pcsk9	1.3322656132279299e-22	-2.846186354837707	0.329	0.173	2.66453122645586e-19
H2-K1	1.530359327806315e-22	-16.3405694290884	0.079	0.174	3.06071865561263e-19
Ttn	1.5612360630468854e-22	-13.343360358006851	0.451	0.178	3.1224721260937707e-19
Il18	1.7535235906116605e-22	-14.605188782825296	0.006	0.108	3.507047181223321e-19
Ppp1r14b	1.8212920941160029e-22	-2.973420775229969	0.165	0.474	3.6425841882320055e-19
Tmsb10	2.698410887835523e-22	1.119507442826464	0.159	0.281	5.396821775671046e-19
Cacna1c	2.9744765454362876e-22	-13.601342440964844	0.183	0.138	5.948953090872575e-19
Ier3	3.3067939698523874e-22	-10.717449124552065	0.043	0.123	6.613587939704775e-19
Il11ra1	6.517196202444089e-22	-14.113070307173201	0.012	0.102	1.3034392404888177e-18
Cd9	8.338588142310081e-22	-16.10612485134214	0.012	0.1	1.667717628462016e-18
Gm14391	9.362031250408543e-22	-2.8210248863905143	0.384	0.219	1.8724062500817085e-18
Cd160	1.364952314207668e-21	-14.503488568880769	0.018	0.141	2.7299046284153358e-18
Prtn3	1.3998020478817647e-21	-13.427454261483444	0.018	0.186	2.7996040957635293e-18
Dstn	1.4832530081249795e-21	-15.601005992967732	0.104	0.205	2.966506016249959e-18
H2-D1	1.7561829457110446e-21	-17.664213043954334	0.073	0.227	3.512365891422089e-18
Bag3	2.4602246061810496e-21	-13.149487765294115	0.012	0.12	4.9204492123620995e-18
Ier2	2.6187899794146287e-21	-9.951500623925453	0.128	0.296	5.237579958829257e-18
Gpr183	3.2655730028681753e-21	-7.3887733663531945	0.037	0.1	6.5311460057363505e-18
Crip2	3.3627816679059312e-21	-9.174531875235022	0.037	0.101	6.725563335811862e-18
Map1b	3.872847821423407e-21	-14.5067007679647	0.006	0.158	7.745695642846814e-18
Itga10	3.9773565587700195e-21	-14.1448681701007	0.311	0.181	7.954713117540039e-18
Col1a2	3.97988861516618e-21	-17.037134837082856	0.024	0.133	7.959777230332361e-18
Ctla2a	5.721575649769649e-21	2.1722676356374535	0.006	0.104	1.1443151299539297e-17
Ldha	6.685869069481536e-21	-2.8948958918494085	0.171	0.385	1.3371738138963073e-17
Smoc1	8.421025323876992e-21	-0.6041597471131919	0.372	0.184	1.6842050647753984e-17
Fabp4	1.4407576864311625e-20	-15.373353478974842	0.006	0.146	2.881515372862325e-17
Shcbp1l	1.448007620263181e-20	2.6228771721121102	0.006	0.165	2.896015240526362e-17
Comt	1.5696908352909413e-20	-6.500743431322363	0.091	0.231	3.1393816705818826e-17
Tesc	1.7066336870160497e-20	3.424320288695995	0.067	0.116	3.4132673740320996e-17
Cd200	1.7109141298274233e-20	-12.078689172530655	0.079	0.169	3.4218282596548464e-17
Cotl1	2.077700693557119e-20	-10.763880398301932	0.134	0.284	4.155401387114238e-17
Adm	2.5417801145632898e-20	-15.533544294347108	0.037	0.106	5.0835602291265796e-17
Hist1h1c	2.9045690264221786e-20	-11.552141439065862	0.146	0.258	5.809138052844357e-17
Cited4	3.050305095832854e-20	-11.802918789717245	0.012	0.125	6.100610191665707e-17
Itga2b	5.105511460214513e-20	-14.586003663082293	0	0.144	1.0211022920429026e-16
Entpd2	5.447946953635826e-20	-0.8660157679510867	0.134	0.068	1.0895893907271651e-16
Samhd1	5.491327057973033e-20	-9.784642458759576	0.049	0.132	1.0982654115946065e-16
B2m	6.468769247457061e-20	-14.771541876816917	0.14	0.318	1.2937538494914124e-16
Serpinb6b	8.017086572924325e-20	-8.051542359934599	0.018	0.175	1.603417314584865e-16
Lst1	9.239470908006277e-20	-14.858171785925414	0.037	0.165	1.8478941816012556e-16
Grn	1.0000004621287435e-19	-6.127948360853054	0.043	0.104	2.000000924257487e-16
Nr4a1	1.1686381608716595e-19	2.1001559700202286	0.134	0.2	2.3372763217433193e-16
Lgals7	1.2738790114582833e-19	-11.146524287917817	0.061	0.159	2.5477580229165665e-16
Igfbp3	1.3181474092356633e-19	-17.229499401514556	0.049	0.132	2.6362948184713265e-16
1700028K03Rik	1.6654373498760297e-19	-13.73058020239583	0.293	0.16	3.330874699752059e-16
Ramp1	1.8422478701940244e-19	-2.2083887869221117	0.11	0.408	3.6844957403880487e-16
Junb	2.651337762607828e-19	-11.58520779697462	0.128	0.272	5.302675525215657e-16
Tmem158	2.685328925705591e-19	-14.405204542875511	0.006	0.123	5.370657851411182e-16
Cyba	3.2631344240709187e-19	-13.560146317886854	0.152	0.393	6.526268848141837e-16
Tnfrsf9	3.356922657184477e-19	1.993976747780419	0.018	0.105	6.713845314368954e-16
Isg15	3.39127959995063e-19	-12.053393007791305	0.116	0.223	6.78255919990126e-16
Obsl1	3.5102170158752615e-19	-13.556014090599128	0.055	0.113	7.020434031750523e-16
C1qbp	4.2384845551062075e-19	-3.6323329915043723	0.134	0.339	8.476969110212415e-16
Smc4	4.937143824581131e-19	-5.847505841333788	0.128	0.386	9.874287649162261e-16
Lmnb1	5.443242108805657e-19	-6.85399102214427	0.165	0.347	1.0886484217611315e-15
Id2	6.145203406781988e-19	-13.183396679970024	0.091	0.181	1.2290406813563974e-15
Colec12	6.17974252805946e-19	-14.194843054534708	0.018	0.11	1.2359485056118922e-15
Tnnc1	6.228170355216157e-19	-13.170340043934033	0.366	0.171	1.2456340710432314e-15
Medag	6.958663522760664e-19	-5.648741079069357	0.049	0.123	1.3917327045521328e-15
Gm14085	7.181879013833444e-19	-6.954207979230048	0.012	0.202	1.4363758027666887e-15
Ccl2	8.519924171027976e-19	-12.958957814443531	0.024	0.149	1.7039848342055952e-15
Mfap2	1.0343611585298082e-18	-13.078295388239326	0.018	0.111	2.0687223170596162e-15
Serpinb9	1.1558015190689173e-18	-14.551598087596663	0	0.121	2.3116030381378344e-15
Gm22710	1.414034206217965e-18	-14.713620801645648	0	0.212	2.82806841243593e-15
Runx3	1.533785208530677e-18	-6.400068782924943	0.055	0.181	3.067570417061354e-15
Irf7	1.7287475567446756e-18	-11.756666981512634	0.037	0.182	3.4574951134893515e-15
Mkrn1	1.742123160431718e-18	2.8262404595401467	0.677	0.305	3.4842463208634355e-15
Gm25663	2.290176685844201e-18	-13.81804698746864	0	0.163	4.580353371688402e-15
Dpysl3	2.321278422681086e-18	-9.344835688563872	0.085	0.138	4.6425568453621716e-15
Slpi	2.644441997703717e-18	3.5441148627264525	0.024	0.109	5.288883995407434e-15
Pnck	2.9214015408727067e-18	-13.223873372542874	0	0.204	5.8428030817454136e-15
Cspg5	3.0937132868070677e-18	-14.809207632164862	0.165	0.131	6.187426573614136e-15
Clec4d	3.4577958171930784e-18	-13.489912035601735	0.024	0.178	6.915591634386157e-15
Dock4	4.009827661940965e-18	-13.614630885725976	0.006	0.134	8.01965532388193e-15
Hal	4.52778429903896e-18	-13.748240509748433	0	0.207	9.055568598077919e-15
Cd52	4.7061995983823116e-18	-0.4544823571269401	0.116	0.24	9.412399196764622e-15
Cnbd2	6.706877845473142e-18	-14.709628280089595	0	0.191	1.3413755690946283e-14
Cxcl10	6.788794772794468e-18	-16.298968717764875	0.006	0.154	1.3577589545588937e-14
Hmox1	6.790772865418145e-18	-15.079518598475275	0	0.108	1.358154573083629e-14
Nrgn	7.755446115190998e-18	1.0879117913279348	0.024	0.11	1.5510892230381995e-14
G0s2	7.910328571949784e-18	-13.89126241065317	0.006	0.129	1.5820657143899567e-14
Pde1c	8.225322504801075e-18	-14.034300842197887	0	0.189	1.645064500960215e-14
Fxyd5	8.261256815145118e-18	-12.890211928817521	0.122	0.216	1.6522513630290237e-14
Cd59a	1.0168173756365186e-17	-3.825040528465726	0.165	0.142	2.0336347512730372e-14
Nr4a2	1.1415825156660228e-17	-14.077084311222626	0.024	0.149	2.2831650313320458e-14
Gm24451	1.17316740944664e-17	4.242701434532682	0.006	0.163	2.3463348188932797e-14
Vdr	1.3113911152481872e-17	-13.616783220342404	0.006	0.13	2.6227822304963743e-14
Arhgef9	1.4057492472327498e-17	-14.444932896838589	0	0.188	2.8114984944654997e-14
Cd40lg	1.4781126197846665e-17	-5.036243740811555	0.067	0.112	2.956225239569333e-14
Hpgds	1.499938170188531e-17	-3.62734794953343	0.03	0.204	2.999876340377062e-14
Trbv26	1.6398566890390483e-17	-12.764371983043153	0.006	0.207	3.2797133780780964e-14
Ltb4r1	1.671961549775765e-17	-10.548193648375317	0.104	0.095	3.34392309955153e-14
Hivep3	1.693112737578745e-17	-5.263459770168476	0.134	0.184	3.38622547515749e-14
Rnd1	1.8080868967810684e-17	-14.258206833255773	0	0.146	3.616173793562137e-14
Ifi44	2.16348014581412e-17	-14.205086917982959	0.018	0.167	4.32696029162824e-14
Itgb7	2.8327013969348886e-17	-11.455900096146205	0.037	0.119	5.6654027938697775e-14
Asprv1	3.259789124598977e-17	-2.6593906758072112	0.043	0.14	6.519578249197955e-14
Tceal1	3.2664615768517906e-17	-8.368113599010316	0.024	0.198	6.532923153703581e-14
Ctla4	4.304836223806922e-17	-11.917981859347407	0.006	0.182	8.609672447613845e-14
Gmfg	4.723254805891065e-17	-3.2948323594678635	0.189	0.426	9.44650961178213e-14
Uchl1	5.1281357996442876e-17	-15.081045863190145	0	0.191	1.0256271599288575e-13
Cst3	5.221559327859849e-17	-16.276147746791967	0.134	0.318	1.0443118655719699e-13
Emp1	5.283107871795584e-17	-15.216016635155626	0.012	0.111	1.0566215743591167e-13
Il7r	5.4180753484344113e-17	-10.971306294297047	0.091	0.141	1.0836150696868822e-13
Hrh3	5.551197925116517e-17	2.656821456135491	0.396	0.262	1.1102395850233034e-13
Epsti1	5.683251808035995e-17	-13.440519283351303	0.043	0.208	1.1366503616071989e-13
Ms4a6b	5.704752180054828e-17	-12.353679906664318	0.067	0.163	1.1409504360109656e-13
Kctd4	6.161293622140257e-17	-13.20907394689445	0.207	0.14	1.2322587244280513e-13
Plk4	6.744057297233621e-17	-4.852619942898025	0.091	0.239	1.348811459446724e-13
Ifng	6.95035777409962e-17	-14.05029954492004	0.012	0.107	1.390071554819924e-13
Tubg2	6.98314817090001e-17	-13.866331339539794	0.006	0.223	1.396629634180002e-13
Chml	7.198351592907333e-17	-12.113436834297362	0.012	0.218	1.4396703185814667e-13
Tmem176b	7.257178162611914e-17	-16.623917793945346	0.067	0.109	1.4514356325223828e-13
Klf4	7.42707658183169e-17	-11.738453212447396	0.024	0.124	1.485415316366338e-13
Rbm42	7.664764408343871e-17	-7.051979041228063	0.189	0.354	1.5329528816687743e-13
Tnfrsf19	7.75281156360227e-17	-13.080426101674002	0.012	0.102	1.5505623127204539e-13
Eps8	7.753177490188804e-17	-12.74280034936016	0.018	0.15	1.5506354980377606e-13
Caskin2	7.949446162514949e-17	-14.049860074363908	0	0.131	1.5898892325029899e-13
Cldn15	8.273247812854349e-17	-14.46304536258073	0.006	0.156	1.6546495625708697e-13
Dqx1	8.408748242488127e-17	0.9232030103549036	0.085	0.181	1.6817496484976255e-13
1600014C10Rik	1.1885080693868159e-16	-8.295082471681283	0.061	0.169	2.3770161387736317e-13
Rnf144b	1.7881479602022426e-16	-13.024003383592422	0.024	0.171	3.5762959204044853e-13
Ccl25	2.2042292797857364e-16	-17.000175714210965	0.085	0.155	4.408458559571473e-13
Lcp1	2.776935602903752e-16	-8.362091495545389	0.159	0.264	5.553871205807504e-13
Kctd12	3.0592796100685956e-16	-14.04192456056342	0.03	0.129	6.118559220137191e-13
Tacstd2	3.1170704232212767e-16	-14.527014380218443	0.037	0.165	6.234140846442554e-13
Snhg11	3.621823016944483e-16	-12.364943016099538	0.018	0.117	7.243646033888967e-13
1700102P08Rik	3.6658900574816745e-16	2.021628917598578	0.006	0.175	7.331780114963349e-13
Sh3d21	4.116792513081386e-16	-13.52438803300202	0	0.182	8.233585026162772e-13
Irf8	4.1376314873969606e-16	-11.159590154017984	0.03	0.102	8.275262974793921e-13
Rgcc	4.663316105653569e-16	-10.009679605086175	0.128	0.371	9.326632211307139e-13
Ccr7	5.548021164689161e-16	-9.82027664604944	0.11	0.138	1.1096042329378322e-12
Fah	7.339795764607787e-16	-13.828574419697865	0	0.105	1.4679591529215575e-12
Fam221b	7.976957700894391e-16	3.6191791200923404	0.006	0.189	1.5953915401788781e-12
Cd68	8.541162422538221e-16	-14.732101527326245	0.037	0.167	1.7082324845076441e-12
Trdv1	8.816992137731513e-16	3.233557462006871	0.018	0.198	1.7633984275463027e-12
Cd300lf	9.690308039070426e-16	-13.029001416721403	0.024	0.16	1.9380616078140853e-12
Tmem176a	1.041413623443057e-15	-12.420206194611845	0.049	0.105	2.082827246886114e-12
Ctsc	1.0466137463134895e-15	-14.373444916486312	0.116	0.221	2.093227492626979e-12
Klrk1	1.0647753891729844e-15	-14.220363314438657	0.018	0.12	2.129550778345969e-12
H2-Ab1	1.099345796478528e-15	-16.855968699732422	0.085	0.157	2.1986915929570562e-12
Atp1a3	1.1388259151031508e-15	-14.30843960926218	0	0.211	2.2776518302063018e-12
Epcam	1.1673956349775224e-15	-15.97962164322112	0.018	0.141	2.3347912699550447e-12
Serpina3g	1.2827523921535453e-15	-15.161998765225459	0.037	0.109	2.5655047843070904e-12
Pax1	1.4219556647769755e-15	-3.7397057601503043	0.11	0.058	2.843911329553951e-12
Smpdl3a	1.7601943583831648e-15	-13.448289264288947	0.049	0.17	3.5203887167663296e-12
Ecm1	1.793880447247864e-15	-13.288261879332538	0.049	0.101	3.5877608944957283e-12
Ctsw	2.045928164386397e-15	-13.529115309866944	0.085	0.107	4.0918563287727936e-12
Dctpp1	2.1610750035375285e-15	-4.343443102011942	0.14	0.287	4.322150007075057e-12
Klk8	2.638338015055012e-15	-5.609142344801621	0.134	0.178	5.276676030110024e-12
Dusp1	2.7775486342070317e-15	-13.25538109474252	0.14	0.255	5.555097268414063e-12
Trf	2.8746047594918787e-15	-9.533105537695704	0.122	0.102	5.7492095189837575e-12
Pld4	2.9819015165928186e-15	-13.772116011534361	0.006	0.118	5.963803033185637e-12
Akr1c13	3.258259439840338e-15	-13.280704792171303	0.091	0.169	6.516518879680676e-12
Pf4	4.49192246002372e-15	1.169577462808359	0.11	0.194	8.98384492004744e-12
Cdkl5	4.905916280517262e-15	-13.256155103024186	0.012	0.235	9.811832561034524e-12
Exosc2	5.037372178703089e-15	-15.032917989232283	0.091	0.241	1.0074744357406177e-11
Trav3-4	5.952298026455151e-15	3.0708248300929526	0.006	0.133	1.1904596052910302e-11
Gimap4	6.69584850160835e-15	-12.169323005828904	0.098	0.149	1.33916970032167e-11
Slc7a11	8.052512186702075e-15	-8.252485919923023	0.311	0.199	1.610502437340415e-11
Thap1	8.321157445624065e-15	-11.041758488363726	0.061	0.219	1.664231489124813e-11
Rpl3l	8.773750390513332e-15	4.812072316868258	0.024	0.141	1.7547500781026666e-11
Pde4c	1.0723377819538149e-14	-12.782915323163591	0	0.109	2.14467556390763e-11
Sbsn	1.3014831222057583e-14	-14.696950300969045	0	0.153	2.6029662444115166e-11
Gm7102	1.327351919746519e-14	-13.600738213417909	0	0.211	2.654703839493038e-11
Jund	1.3543162449731483e-14	-4.267417253736783	0.152	0.385	2.7086324899462964e-11
Celf4	1.4024093855503836e-14	-13.856833178495664	0.006	0.112	2.8048187711007674e-11
Mxd3	1.5661524419065373e-14	-10.3578700069353	0.03	0.158	3.132304883813075e-11
L1cam	1.6079004467933885e-14	-11.933252073567669	0.018	0.157	3.215800893586777e-11
Egr2	1.6113235606656252e-14	-12.051220179848558	0.006	0.102	3.22264712133125e-11
Tspo	1.6345647554747772e-14	-10.92069307346798	0.152	0.376	3.269129510949554e-11
Ston2	1.7878253114591088e-14	4.116253349465119	0.012	0.201	3.5756506229182176e-11
Isg20	1.8559201944481276e-14	2.7216803513434424	0.14	0.181	3.711840388896255e-11
Pld6	2.2036910586422307e-14	-13.632049524698274	0	0.178	4.4073821172844615e-11
Pstpip2	2.2157132995501703e-14	-13.507971848683514	0.006	0.101	4.43142659910034e-11
Mfsd2b	2.4210349479027794e-14	3.952596649149628	0.006	0.127	4.8420698958055586e-11
Col7a1	2.4561462330583134e-14	-1.1055157993143574	0.274	0.192	4.912292466116627e-11
Zfp551	2.5463495328051116e-14	-7.129287141077899	0.012	0.205	5.092699065610223e-11
Mettl21c	2.5587749808159535e-14	-6.827369871360225	0.018	0.199	5.117549961631907e-11
Oasl1	2.850907050315234e-14	-13.046748739106373	0.018	0.266	5.701814100630468e-11
Pkib	2.999483641004188e-14	-9.994629599376633	0.018	0.119	5.998967282008376e-11
Hunk	3.298556754203235e-14	-13.18252112407405	0.018	0.114	6.597113508406471e-11
Gyg	3.4367343344019636e-14	-6.079955087037391	0.055	0.218	6.873468668803928e-11
Rny1	3.755218869904033e-14	-14.354794322999435	0.006	0.148	7.510437739808066e-11
Patl2	3.80798034788731e-14	-14.249507769663808	0	0.147	7.61596069577462e-11
Ap5b1	4.5932265008095324e-14	-11.883364505858577	0.006	0.155	9.186453001619065e-11
Btla	5.894404275028883e-14	-9.279540535771877	0.024	0.123	1.1788808550057765e-10
Gm10401	6.21018167558237e-14	-14.445188093635602	0.006	0.168	1.242036335116474e-10
Gm11100	6.972917309038422e-14	-14.002751319653841	0	0.181	1.3945834618076845e-10
Pdcd1	7.350673350277009e-14	-11.394205318652768	0.024	0.104	1.4701346700554018e-10
Dgkh	8.617506271864285e-14	-6.539245257651928	0.305	0.206	1.7235012543728571e-10
Grik4	1.0213734495437824e-13	-13.822805187868589	0.11	0.18	2.042746899087565e-10
Ttc39a	1.0608783357931552e-13	-12.861751278296715	0.024	0.166	2.1217566715863103e-10
Islr	1.239664767537727e-13	-10.680544894275112	0.049	0.1	2.479329535075454e-10
Phlda3	1.285077703155567e-13	-13.504757420486829	0.049	0.107	2.5701554063111336e-10
Nr6a1	1.4055904124421366e-13	2.861684970132801	0.146	0.165	2.811180824884273e-10
Laptm4a	1.452586371932223e-13	-12.148140363638623	0.165	0.258	2.905172743864446e-10
Ephx3	1.5414359898004568e-13	-12.66971734315701	0.372	0.187	3.0828719796009135e-10
Gm21897	1.673040501785806e-13	-14.233980637247697	0	0.168	3.3460810035716124e-10
Il34	1.6761150092736394e-13	-8.471376913559132	0.006	0.147	3.3522300185472787e-10
Zfp300	1.787738281916875e-13	-14.130238183731949	0.006	0.203	3.5754765638337496e-10
Zfp235	2.0966908387970065e-13	-10.531250262920183	0.024	0.198	4.193381677594013e-10
Slc25a43	2.1860016750454539e-13	-12.857639877599391	0.006	0.292	4.3720033500909076e-10
Nfe2	2.3692890702274144e-13	-1.356596280315669	0.116	0.147	4.738578140454828e-10
Prx	2.624621027269355e-13	-13.906580262219954	0	0.196	5.24924205453871e-10
1700008O03Rik	2.7120761362866113e-13	-13.581136975909834	0.28	0.215	5.424152272573222e-10
Gm8251	2.741405422582047e-13	-13.430318047553472	0.018	0.231	5.482810845164094e-10
Ctsz	2.7671522731289527e-13	-13.97573883103399	0.189	0.284	5.534304546257905e-10
Zfr2	2.9309311611861185e-13	-8.949011593586174	0.018	0.212	5.861862322372237e-10
Enpp1	3.6539490892271136e-13	-11.941946938038006	0.012	0.258	7.307898178454227e-10
Exoc3l4	3.761953555893539e-13	-12.343314726028328	0	0.174	7.523907111787079e-10
Snora31	4.2033723307678403e-13	-8.159369193895301	0.183	0.176	8.406744661535681e-10
Sytl2	4.545215184707799e-13	-12.210593320341257	0.018	0.14	9.090430369415598e-10
Selplg	4.779962489493305e-13	-3.5546257601264184	0.171	0.338	9.55992497898661e-10
Rora	5.950032850848311e-13	-8.470634990799756	0.037	0.163	1.1900065701696621e-9
Gm27956	7.193970981654509e-13	-14.205148620900946	0.293	0.218	1.4387941963309019e-9
Rtn1	7.644163740961156e-13	-15.266185954431283	0	0.161	1.5288327481922311e-9
Gmpr	7.650995496334517e-13	-13.25265815412953	0.018	0.113	1.5301990992669034e-9
Amigo2	9.36629836733305e-13	-13.19585110654294	0.012	0.102	1.8732596734666103e-9
Rab25	9.50022475958848e-13	-13.558825967537985	0.012	0.165	1.900044951917696e-9
Dtx4	1.0662973521321153e-12	-13.484197987660773	0.006	0.101	2.1325947042642304e-9
Nsg1	1.1627723426201565e-12	-8.874411751209504	0.061	0.182	2.3255446852403132e-9
Plekhn1	1.1735493397286318e-12	-7.853562742774974	0.091	0.245	2.3470986794572634e-9
Wnk3	1.3694082659973925e-12	-14.17314396935505	0.232	0.205	2.738816531994785e-9
Fam214b	1.3806744240213956e-12	-11.152399759156323	0.006	0.128	2.7613488480427912e-9
Scg5	1.419459578477879e-12	-14.196758515887748	0	0.143	2.8389191569557577e-9
Ccl12	1.4826790100565678e-12	-14.349812160953189	0.006	0.118	2.9653580201131356e-9
Vps37d	1.5240280608107968e-12	-13.762368560173742	0	0.102	3.0480561216215937e-9
Amotl1	1.5556248125804711e-12	-14.323584440718628	0.091	0.106	3.1112496251609423e-9
Ly6a	1.5583699358411116e-12	-14.050097428364058	0.061	0.179	3.1167398716822233e-9
Ralgds	1.6315654466045095e-12	-11.347729690133129	0.018	0.163	3.263130893209019e-9
Il10ra	1.9094238324293057e-12	-13.344666649317405	0.006	0.149	3.818847664858611e-9
Stac3	2.0021058928944098e-12	-15.289303404379057	0.22	0.199	4.00421178578882e-9
Cmpk2	2.0676486387356055e-12	-9.845084665658744	0.012	0.181	4.135297277471211e-9
Itih5	2.4453038229275166e-12	-14.488523903252679	0.024	0.123	4.890607645855033e-9
Zc3h12d	2.5128424525348984e-12	-14.228522398418685	0	0.146	5.025684905069797e-9
Rgs10	2.6062989964536062e-12	-7.580076433284218	0.171	0.332	5.212597992907213e-9
Srgn	2.628938787731373e-12	-11.644078833790493	0.152	0.292	5.2578775754627464e-9
Pycr2	2.7704205749446275e-12	-11.64553505786878	0.165	0.297	5.540841149889255e-9
Stard8	2.7785570909905113e-12	-13.57594310714405	0.049	0.138	5.557114181981022e-9
B3gat2	3.238619717116257e-12	-5.990976195405011	0.134	0.154	6.477239434232514e-9
Ly6c2	3.477443433449097e-12	-13.823349830305322	0.018	0.134	6.954886866898194e-9
Npr1	3.556660467383661e-12	-13.212664957641266	0	0.138	7.113320934767322e-9
Ccl3	3.7112157577398385e-12	-13.727550764891102	0.006	0.135	7.422431515479677e-9
Dennd2c	4.01229831841181e-12	-9.261832250711926	0.03	0.196	8.02459663682362e-9
P2ry12	4.393536022381118e-12	-13.024962736302676	0.159	0.142	8.787072044762236e-9
Abhd15	4.865024719694934e-12	-14.262667567951267	0	0.188	9.730049439389869e-9
Trbv5	5.139912459383535e-12	-10.76825211041448	0.03	0.196	1.0279824918767071e-8
Ccrl2	5.5402545420365216e-12	-13.746390920525508	0.006	0.133	1.1080509084073043e-8
Lnx1	5.760613107927147e-12	-13.425517659512433	0	0.199	1.1521226215854295e-8
Enox1	5.784968497551926e-12	-14.209150252187873	0	0.184	1.1569936995103852e-8
Cnn2	6.357460101640469e-12	-4.729946653438553	0.128	0.218	1.2714920203280939e-8
Dmtn	6.797065401287943e-12	-13.677687991746861	0	0.116	1.3594130802575886e-8
Ripk4	6.863547646115936e-12	-13.0464130801115	0	0.228	1.3727095292231872e-8
Trav15-2-dv6-2	7.501191649366085e-12	-1.2771044241104317	0.012	0.116	1.500238329873217e-8
Ndrg4	7.563533262729222e-12	4.727227882404437	0.012	0.174	1.5127066525458446e-8
Zfp536	8.67546991712482e-12	-13.456154750828286	0.012	0.148	1.735093983424964e-8
H1f0	8.906337736508186e-12	-8.829742487522221	0.146	0.287	1.7812675473016372e-8
Dapk2	9.053061034203337e-12	-12.101257075106297	0.03	0.109	1.8106122068406675e-8
Nkd2	9.062177948500922e-12	-13.756889497272658	0.012	0.156	1.8124355897001844e-8
Fbxw10	9.24141064596594e-12	-12.928306298545033	0.177	0.165	1.848282129193188e-8
Hcn3	1.0009945301985604e-11	-7.579953778412876	0.006	0.13	2.0019890603971206e-8
Ifitm10	1.0089534275046087e-11	-11.377785248460537	0.037	0.182	2.0179068550092174e-8
Tm4sf5	1.0241477468681985e-11	-13.566556638178616	0.012	0.136	2.048295493736397e-8
Egr1	1.2700112518851785e-11	-10.351595056892254	0.11	0.132	2.540022503770357e-8
Ifitm1	1.3401024408609674e-11	-4.324683477924243	0.098	0.1	2.680204881721935e-8
Ifit3	1.3723869765506258e-11	-14.484328695042711	0.006	0.199	2.7447739531012517e-8
Clec4a1	1.398547292960156e-11	-11.409388490270235	0.03	0.102	2.7970945859203122e-8
Gm15013	1.4544588097547947e-11	-13.10593305511957	0.006	0.205	2.9089176195095894e-8
Prf1	1.478632314537417e-11	-8.861247893918014	0.006	0.138	2.957264629074834e-8
Nradd	1.51917780855189e-11	-13.311081396854034	0.037	0.196	3.03835561710378e-8
Jag2	1.622879973727326e-11	-9.657516889579558	0.03	0.121	3.2457599474546516e-8
Ifi47	1.9235454266293546e-11	-12.119265805863133	0.079	0.22	3.847090853258709e-8
Marcks	1.9932371853448332e-11	-11.338931997286082	0.159	0.349	3.986474370689666e-8
Slamf8	2.08514437195607e-11	-13.169537156652144	0.018	0.152	4.17028874391214e-8
Pkia	2.372388014771639e-11	-12.879044646419963	0.018	0.2	4.7447760295432776e-8
Tsc22d3	2.566113131375128e-11	-6.57415167903266	0.134	0.262	5.132226262750256e-8
Ptprc	2.8632410079315183e-11	-4.212120682324389	0.195	0.392	5.7264820158630364e-8
Slco2a1	2.8705018582009585e-11	-14.215255457020897	0.11	0.075	5.7410037164019167e-8
Slfn1	2.9810363488921064e-11	-13.907477757332689	0.037	0.13	5.962072697784212e-8
Ndrg3	3.047618790766718e-11	-12.12268232714451	0.091	0.211	6.095237581533437e-8
Ms4a6d	3.1845796904883195e-11	2.614019687016631	0.055	0.102	6.369159380976639e-8
Shisa5	3.606067840459297e-11	-6.970485770577596	0.14	0.244	7.212135680918595e-8
Gm23054	3.664996829929788e-11	-13.24124264653273	0	0.135	7.329993659859576e-8
Nes	3.675485387733971e-11	-9.816233936431749	0.006	0.102	7.350970775467942e-8
Dusp6	3.7234684463185684e-11	-4.559000338312288	0.067	0.17	7.446936892637136e-8
Paqr3	4.183044914409068e-11	-13.905828470934791	0.006	0.14	8.366089828818136e-8
Stxbp2	5.184219654649957e-11	-12.527105246414923	0.159	0.254	1.0368439309299914e-7
Pnrc1	5.227738881086181e-11	-2.227159872600012	0.183	0.412	1.0455477762172362e-7
Tcf7	5.448313229023871e-11	-3.108681556046958	0.201	0.439	1.0896626458047743e-7
Nphp3	5.6421395240262766e-11	-14.026738661048272	0.073	0.114	1.1284279048052553e-7
Ogt	5.831840244872181e-11	-5.047788554476991	0.159	0.366	1.1663680489744363e-7
Gm23037	6.519530397197799e-11	-13.518585147467423	0	0.152	1.3039060794395596e-7
Ppil6	6.534073597988566e-11	-13.978474780824182	0.018	0.101	1.306814719597713e-7
Sema7a	6.780666481248056e-11	-4.9266325948381144	0.287	0.211	1.3561332962496112e-7
Cpne1	6.815977778601627e-11	-0.40234950928051383	0.018	0.162	1.3631955557203255e-7
Nlgn3	6.864699322231307e-11	3.8797083285642326	0.195	0.153	1.3729398644462614e-7
Gm17655	7.902990295472744e-11	4.37687910785883	0.122	0.206	1.5805980590945486e-7
Lsp1	8.18574594262502e-11	-3.896289686653561	0.189	0.401	1.6371491885250041e-7
Col15a1	8.789673828534393e-11	-13.098446887206958	0.006	0.175	1.7579347657068786e-7
Gbp8	1.1309967567208366e-10	-7.8394461294104625	0.098	0.229	2.261993513441673e-7
Cacna1e	1.136861721633465e-10	-9.967384807395746	0.238	0.19	2.27372344326693e-7
Pde6a	1.1677042817693925e-10	-6.845382021769281	0.012	0.175	2.335408563538785e-7
Col20a1	1.17689998918472e-10	-14.73521325664352	0.207	0.172	2.3537999783694401e-7
Tbc1d4	1.2215321072735689e-10	-14.018268542455	0.006	0.15	2.443064214547138e-7
mt-Atp6	1.227091342275352e-10	-0.6464002154001824	0.25	0.492	2.454182684550704e-7
Pdpn	1.2308713141817073e-10	-14.044810378202495	0	0.105	2.461742628363415e-7
Plxna3	1.2401894948140638e-10	-13.751373404614656	0.018	0.213	2.4803789896281276e-7
Nudt11	1.3695835583793065e-10	4.904590901516443	0.049	0.168	2.739167116758613e-7
Itgb3	1.377409087446262e-10	-12.144496122409754	0.018	0.102	2.754818174892524e-7
Hexb	1.3914635070022124e-10	-12.994563881204467	0.024	0.144	2.782927014004425e-7
Irf1	1.5168872489400965e-10	-9.352385461261912	0.134	0.235	3.0337744978801933e-7
Cxcr6	1.6288613791839716e-10	-12.8493990493959	0.159	0.094	3.257722758367943e-7
Zdbf2	1.9045790006725173e-10	-12.656422708128984	0.012	0.147	3.8091580013450344e-7
Dpep2	1.9477185107460306e-10	-2.807970897217512	0.006	0.192	3.8954370214920614e-7
Runx2	1.962949260498469e-10	-4.520858042031659	0.03	0.119	3.925898520996938e-7
Apoe	2.052420745040064e-10	-17.162803350915784	0.171	0.238	4.104841490080128e-7
Thsd1	2.1621450966810805e-10	-14.443646482827305	0	0.143	4.3242901933621607e-7
Ptgs2	2.1972770116840496e-10	-12.765390271232047	0.024	0.124	4.3945540233680994e-7
Ikzf2	2.326110697085059e-10	-2.6486007258283486	0.14	0.207	4.652221394170118e-7
S100a10	2.6044185120137386e-10	-13.913426501995145	0.152	0.358	5.208837024027477e-7
Atp1b2	3.120960026070527e-10	2.9238721994859276	0.189	0.131	6.241920052141054e-7
Calml4	3.244296730319489e-10	-12.94581960737299	0.012	0.233	6.488593460638978e-7
Snta1	3.2454589051296083e-10	-12.189121460272888	0.012	0.121	6.490917810259216e-7
Bach2	3.247085758123813e-10	-8.513383610673063	0.061	0.143	6.494171516247625e-7
Myl10	3.368048386196683e-10	-13.289659036047066	0.018	0.12	6.736096772393366e-7
Tagln	3.3990310734157446e-10	-15.241954624198106	0	0.111	6.798062146831489e-7
Serpinb6a	3.544461539905822e-10	-14.02993773767675	0.11	0.216	7.088923079811644e-7
Shc4	3.7089115297633714e-10	-13.705357565161536	0.067	0.128	7.417823059526743e-7
Axdnd1	3.7845796081618057e-10	-7.010240000912063	0.305	0.188	7.569159216323612e-7
Utf1	3.9174974087347346e-10	-13.685170042496868	0.006	0.135	7.834994817469469e-7
Podxl2	4.009582547936632e-10	-6.080096312550487	0.201	0.176	8.019165095873265e-7
Eno2	4.155527484511374e-10	3.890008737627042	0.018	0.14	8.311054969022749e-7
Dmpk	4.2235142462562905e-10	-7.415087521795701	0.11	0.224	8.447028492512581e-7
Trav19	4.249136839502726e-10	-14.757674296913384	0.006	0.171	8.498273679005452e-7
Tespa1	4.504721388439939e-10	-3.571671553603031	0.195	0.356	9.009442776879878e-7
mt-Co3	5.228766888833922e-10	-0.6977795786953653	0.262	0.499	1.0457533777667844e-6
Tapbp	5.240254454039537e-10	-10.352609819824965	0.061	0.214	1.0480508908079076e-6
Eng	5.343816435674963e-10	-12.51351506231019	0.061	0.178	1.0687632871349927e-6
Sh2d1a	5.573687885383172e-10	-3.5576629278472085	0.177	0.412	1.1147375770766344e-6
Snai1	5.614414218554414e-10	-8.473834740168588	0.195	0.18	1.1228828437108828e-6
Rap1gap	5.742398191447906e-10	-13.45489015932337	0.012	0.101	1.1484796382895812e-6
March2	6.276546955956803e-10	0.2526556946244467	0.561	0.273	1.2553093911913606e-6
Gm5134	6.337219537063807e-10	-14.159852861154752	0.006	0.121	1.2674439074127613e-6
Ldlrad3	6.901646452313282e-10	-12.431050475687687	0.159	0.182	1.3803292904626565e-6
Gm4724	7.040834001371884e-10	-14.504918471572731	0	0.15	1.4081668002743768e-6
Trav16d-dv11	7.575896355631943e-10	2.8919644316960262	0.024	0.215	1.5151792711263885e-6
Foxb1	8.585619432429414e-10	-4.1862582704257	0.262	0.211	1.7171238864858827e-6
Gbp2	8.660400422639224e-10	-6.304306122183705	0.018	0.147	1.7320800845278448e-6
Cap2	8.663429108221253e-10	-8.938613431115428	0.024	0.179	1.7326858216442506e-6
Cnih2	9.754694149284122e-10	-13.483129570299527	0.006	0.167	1.950938829856824e-6
Tlr2	1.026086851479147e-9	-13.270224385401562	0.006	0.122	2.052173702958294e-6
Sat1	1.0404753131006602e-9	-15.137028911524247	0.159	0.231	2.08095062620132e-6
Galm	1.0583693232976531e-9	-11.003362646148563	0.006	0.181	2.1167386465953064e-6
Neb	1.0613928802044102e-9	-13.966083262211495	0.006	0.131	2.1227857604088203e-6
Rnf145	1.0613929027806488e-9	-3.480452932284633	0.177	0.234	2.1227858055612977e-6
Cd40	1.069398163331767e-9	-13.868225013492	0.061	0.105	2.138796326663534e-6
Smad7	1.0816668457731328e-9	-5.4671099853677205	0.085	0.136	2.1633336915462656e-6
Srxn1	1.136619891063524e-9	-12.544788938913692	0.024	0.106	2.273239782127048e-6
Gadd45b	1.146212169774092e-9	0.6785484489170841	0.079	0.156	2.2924243395481842e-06
Stap2	1.197527073321349e-9	-13.704981247605417	0.006	0.109	2.395054146642698e-6
Dnmbp	1.2025631976075499e-9	-8.173812682818735	0.079	0.193	2.4051263952150996e-6
Tsc22d1	1.2405465507911318e-9	-16.22394681269486	0.134	0.229	2.4810931015822637e-6
Sh3yl1	1.337798850721205e-9	-13.246552124633622	0.006	0.172	2.6755977014424103e-6
Cd53	1.3614133687554307e-9	-1.2146237967437372	0.171	0.185	2.7228267375108616e-6
Id1	1.386870904991215e-9	-12.321819941504891	0.049	0.183	2.7737418099824296e-6
Sipa1l2	1.4015150986480473e-9	-7.820526497010527	0.006	0.121	2.8030301972960946e-6
Gm25379	1.4319490704603407e-9	-13.85120914067204	0	0.209	2.8638981409206814e-6
Tmod4	1.482028896017746e-9	-14.73066544673416	0.006	0.143	2.964057792035492e-6
Nr1h3	1.4918771927168877e-9	-14.065643763716732	0.104	0.145	2.9837543854337755e-6
Hpse2	1.5731017681873604e-9	-13.967238305357007	0.195	0.186	3.1462035363747208e-6
Ctsb	1.5942640426415397e-9	-15.026840397385305	0.177	0.254	3.1885280852830794e-6
Timp2	1.612481000691806e-9	-15.246950897625538	0.159	0.226	3.224962001383612e-6
Spsb1	1.6724938264248224e-9	-13.064412800031265	0.012	0.164	3.3449876528496446e-6
Nfkbiz	1.6774479683521095e-9	-9.111578387532337	0.043	0.137	3.354895936704219e-6
Rbm24	1.728374594726913e-9	-10.959062726916462	0.201	0.178	3.4567491894538258e-6
Sell	1.7608596449440096e-9	-11.012870969358344	0.079	0.166	3.5217192898880193e-6
Aldh1a3	1.877828303236147e-9	-12.858623632091314	0.024	0.163	3.755656606472294e-6
Ropn1l	1.9227748981256483e-9	-7.6990422601357915	0.006	0.156	3.8455497962512965e-6
Ninl	2.0255167919950085e-9	-11.652758816549298	0.024	0.178	4.051033583990017e-6
Cacnb3	2.2033812026353973e-9	-4.371074017512148	0.061	0.153	4.4067624052707945e-6
Gm23547	2.2210574524647536e-9	4.015998588621288	0.03	0.242	4.442114904929507e-6
Itpkb	2.363816854412823e-9	-4.498178575194936	0.207	0.314	4.7276337088256455e-6
Dnd1	2.4226960146791925e-9	-14.681260819804884	0.006	0.166	4.845392029358385e-6
Plcd4	2.4592760624122978e-9	-13.645491997634608	0	0.127	4.918552124824595e-6
Anxa2	2.4979241036109884e-9	-11.689875188465738	0.177	0.384	4.9958482072219766e-06
Stat1	2.53716295309542e-9	-10.963642936316829	0.14	0.244	5.0743259061908395e-6
mt-Co2	2.5747245173566648e-9	-0.6894340092225608	0.244	0.492	5.14944903471333e-6
Gpt2	2.700760248664574e-9	-14.025967561956039	0.006	0.167	5.4015204973291485e-6
Zdhhc14	2.8748083949941716e-9	-4.011142354879722	0.043	0.203	5.749616789988343e-6
Tjp2	2.9190091824184415e-9	-12.50700317614658	0.018	0.123	5.838018364836883e-6
Cd24a	3.0709692536880108e-9	-7.687352461357585	0.226	0.374	6.141938507376021e-6
Gm23287	3.194338759685452e-9	-13.897464428918068	0	0.146	6.388677519370904e-6
Tshz3	3.4315458241119866e-9	-13.148591743765959	0	0.105	6.863091648223973e-6
Adcy1	4.479060898895716e-9	-13.215740418057129	0.293	0.216	8.958121797791431e-6
Gm10521	4.6972513023451535e-9	-13.74843614031005	0.134	0.187	9.394502604690307e-6
Mpp4	4.711108083993287e-9	-13.344940355281002	0.28	0.206	9.422216167986574e-6
Usp27x	4.751326794002878e-9	-13.068612285049634	0	0.141	9.502653588005757e-6
Nr4a3	4.851881854581447e-9	3.200190438987846	0.024	0.132	9.703763709162894e-6
Pabpc1l	4.8991636021243104e-9	-12.28523869236172	0.03	0.201	9.79832720424862e-6
Snx33	5.35983340481812e-9	-8.806797566724514	0.012	0.141	1.071966680963624e-5
Ddah1	5.40993982310556e-9	-13.759557022595976	0.006	0.105	1.081987964621112e-5
H2-T23	5.544499911172396e-9	-4.804866796398621	0.201	0.342	1.1088999822344792e-5
Oasl2	5.558744755797038e-9	-13.997193821036154	0	0.125	1.1117489511594076e-5
Rab31	6.007037937794325e-9	-11.728514260715414	0.018	0.176	1.201407587558865e-5
Dennd1c	6.3171887383001856e-9	-4.719074880001984	0.152	0.264	1.2634377476600372e-5
Laptm5	6.640250555643655e-9	-6.006402032709186	0.195	0.39	1.3280501111287309e-5
Znrf1	6.774554423407171e-9	-2.158955574564548	0.189	0.383	1.3549108846814342e-5
Ckb	7.2140091152315314e-9	-6.813888140219376	0.159	0.226	1.4428018230463063e-5
P2rx4	7.378343982650341e-9	-12.706297021596782	0.037	0.163	1.4756687965300683e-5
Tmem8b	7.414782270012808e-9	-14.54831740066226	0	0.152	1.4829564540025616e-5
Rhob	7.50354562430222e-9	-13.020597158820394	0.043	0.122	1.500709124860444e-5
Lrsam1	7.811071556338981e-9	-14.19472814621717	0.207	0.212	1.5622143112677962e-5
Ifit1	7.876318210658528e-9	-11.318564884430913	0.049	0.178	1.5752636421317055e-5
Trav16n	9.630138982650845e-9	2.075600966599646	0.012	0.179	1.926027796530169e-5
Zcchc12	1.051136406089628e-8	-3.4939967462451538	0.11	0.13	2.102272812179256e-5
Slc26a6	1.0556543507329292e-8	-5.224327566759637	0.03	0.162	2.1113087014658583e-5
Col9a3	1.0830185553237901e-8	-7.873414438249653	0.006	0.164	2.1660371106475803e-5
Nat14	1.1699996148074451e-8	-14.326688018409058	0.104	0.189	2.3399992296148903e-5
Tmc7	1.1748214119671788e-8	-6.3149246105989985	0.116	0.165	2.3496428239343577e-5
Lck	1.1824375603556089e-8	-1.7470186782172432	0.207	0.438	2.364875120711218e-5
Icos	1.247717585094628e-8	-12.763587199566404	0.037	0.117	2.495435170189256e-5
Gda	1.2592335134813205e-8	3.6811142568985087	0.049	0.106	2.518467026962641e-5
Klf6	1.3065938922975749e-8	-13.835750192873242	0.079	0.218	2.6131877845951496e-5
Stx1a	1.378115684227357e-8	-10.261331700082698	0.018	0.178	2.756231368454714e-5
Shroom3	1.414347198969341e-8	-12.826300714986306	0.006	0.134	2.8286943979386822e-5
Zc3h12b	1.5522800331120315e-8	-11.822474075086836	0.128	0.188	3.104560066224063e-5
Itga9	1.5701727547294486e-8	-13.460803086762631	0	0.154	3.140345509458897e-5
Elmo3	1.583339502469145e-8	-11.268763371325013	0.201	0.181	3.16667900493829e-5
Rasip1	1.7527729582493374e-8	-13.67454304437477	0	0.138	3.505545916498675e-5
Apol9a	1.7787484470171033e-8	-12.74119002082059	0	0.141	3.5574968940342066e-5
Ebi3	1.9748250567110435e-8	-13.515464308020993	0.012	0.129	3.949650113422087e-5
Per2	1.9951838547565862e-8	-14.36930303824459	0.006	0.145	3.9903677095131726e-5
Zfp418	2.060399259499822e-8	3.234734411488226	0.061	0.182	4.120798518999644e-5
Mxd1	2.0757403660376622e-8	-10.636275627315937	0.091	0.172	4.151480732075325e-5
Nav2	2.095022458511747e-8	-11.21411970750569	0.207	0.199	4.190044917023494e-5
Bcl6	2.1282287967282562e-8	-5.460062154344934	0.256	0.227	4.256457593456512e-5
Cpa3	2.3419059217362563e-8	-14.095564492606949	0.012	0.125	4.683811843472512e-5
Tubb4a	2.4635649207749958e-8	-14.154658699345797	0.006	0.142	4.9271298415499915e-5
Fndc5	2.483952892646204e-8	-14.661441621773196	0.03	0.201	4.967905785292408e-5
Ttll13	2.5601191377809848e-8	-6.427671142040101	0.28	0.168	5.1202382755619695e-5
Xkr6	2.6109288458809337e-8	-13.799119916806982	0.018	0.213	5.221857691761867e-5
Sdk1	2.6142618211107482e-8	-12.924605570148065	0	0.111	5.228523642221497e-5
Fcgr1	2.7020386089457658e-8	-14.264699294195022	0.018	0.135	5.4040772178915316e-5
Zscan25	2.7405263032477358e-8	-5.031495822152939	0.043	0.155	5.481052606495472e-5
Plekhg5	2.833673873542774e-8	-13.243162119110544	0.012	0.163	5.667347747085548e-5
Ifi203	2.9511974602838727e-8	-8.957144536592107	0.165	0.294	5.902394920567745e-5
Gm23245	3.061565890593966e-8	-13.890401828172411	0.006	0.184	6.123131781187932e-5
Gata3	3.063996220949132e-8	-8.941805791381874	0.195	0.245	6.127992441898264e-5
Pnmal2	3.078032598627455e-8	-9.394906073256525	0.012	0.176	6.156065197254911e-5
Acpp	3.084780479201226e-8	-4.461635888855584	0.067	0.144	6.169560958402452e-5
Bcl2l1	3.221770049381642e-8	6.224689269062781	0.207	0.287	6.443540098763283e-5
Pfn2	3.4491654153904025e-8	-14.139246718863204	0.03	0.133	6.898330830780805e-5
Mogat1	3.464691119068851e-8	-14.89698277211267	0.22	0.239	6.929382238137703e-5
Gm25363	3.509456096163946e-8	-12.519364768410087	0.006	0.15	7.018912192327892e-5
Trp53inp2	3.750104794882153e-8	-11.78901556203409	0.146	0.187	7.500209589764306e-5
Angpt1	3.9484725536623557e-8	-8.217785119824207	0.037	0.197	7.896945107324711e-5
Cytip	4.176131604282782e-8	-5.232806976257766	0.159	0.302	8.352263208565564e-5
Greb1l	4.330384265147108e-8	-14.469776762883214	0.232	0.175	8.660768530294217e-5
Pou2f2	4.618710893170016e-8	-12.369603352631495	0.049	0.135	9.237421786340031e-5
Gspt2	4.6603052231341235e-8	-8.382894473572318	0.024	0.174	9.320610446268247e-5
Mras	4.6957838587016885e-8	-13.090017047708164	0.006	0.11	9.391567717403376e-5
Inpp4b	4.701525982595808e-8	-10.074412222347126	0.159	0.197	9.403051965191616e-5
Gdf9	4.735083514406092e-8	4.055791113773614	0.244	0.154	9.470167028812183e-5
Fech	4.8128320187954184e-8	4.216925559404251	0.567	0.198	9.625664037590837e-5
Cdkn2d	4.9571491501367876e-8	-3.2065180856519233	0.22	0.362	9.914298300273575e-5
Commd7	5.343535757960278e-8	-2.586579083357492	0.195	0.331	1.0687071515920556e-4
Vwa1	5.410652822761362e-8	-5.965989775986234	0.128	0.127	1.0821305645522724e-4
Tnnt3	5.522497192189767e-8	-15.074001732598225	0.104	0.161	1.1044994384379534e-4
Wnt4	5.797902964614755e-8	-16.916791719782527	0.018	0.115	1.1595805929229509e-4
S100a9	5.869446295174481e-8	1.8085998127740748	0.183	0.163	1.1738892590348963e-4
Pipox	5.9215453568517853e-8	-15.267804699014123	0.067	0.153	1.1843090713703571e-4
Pak6	6.031215079878135e-8	-14.258994003299671	0	0.139	1.206243015975627e-4
Acan	6.321721217133075e-8	-9.58577240317475	0.067	0.157	1.264344243426615e-4
Snora78	6.636454373329227e-8	-12.61432774386978	0.006	0.167	1.3272908746658454e-4
Spry2	6.888275917133156e-8	-13.619034372517442	0	0.118	1.3776551834266312e-4
Lypd6b	7.089439891086547e-8	-11.430755952613936	0.024	0.196	1.4178879782173094e-4
Slc6a19	7.25266362583581e-8	-9.67087529416478	0.213	0.229	1.450532725167162e-4
Siglecg	7.344254133508095e-8	-13.813815702323394	0.006	0.115	1.468850826701619e-4
Ppp1r15a	7.881489255545414e-8	-7.017637326928033	0.159	0.246	1.5762978511090828e-4
Fas	8.210458663358624e-8	-8.781414945767844	0.201	0.293	1.642091732671725e-4
Bglap	8.27951245981593e-8	-13.8932865294621	0.079	0.186	1.655902491963186e-4
Gbp7	8.549287833577936e-8	-7.091366460208533	0.11	0.238	1.7098575667155873e-4
Ggt7	8.669473616078933e-8	4.0725235997246205	0.024	0.105	1.7338947232157866e-4
Rel	8.819975916704414e-8	-6.6348319140382035	0.067	0.147	1.763995183340883e-4
Dnm3	8.93890052737488e-8	-14.41150143473402	0.183	0.204	1.7877801054749762e-4
Cpxm1	9.033270489532499e-8	-14.606601238813504	0.104	0.099	1.8066540979064997e-4
Sdc4	9.139818301507118e-8	-7.224165095706989	0.012	0.102	1.8279636603014236e-4
Myo1c	9.642206063208408e-8	-12.201651487941895	0.024	0.162	1.9284412126416815e-4
Psd	9.647229459928579e-8	-8.605638875963685	0.006	0.129	1.9294458919857157e-4
Tnf	9.650777732516645e-8	-12.525987423601402	0.037	0.134	1.930155546503329e-4
H2-Q7	1.0491513704112647e-7	-11.155492544040227	0.11	0.219	2.0983027408225295e-4
Gm22951	1.0647137087421362e-7	-13.375923938751297	0.189	0.191	2.1294274174842723e-4
6430550D23Rik	1.0927702534558667e-7	-4.9975007783237295	0.207	0.18	2.1855405069117333e-4
Itga4	1.1191845082996404e-7	-10.718808851262015	0.085	0.242	2.2383690165992808e-4
Xlr	1.1338139619472413e-7	-8.488603015989728	0.018	0.137	2.2676279238944828e-4
Dnajc28	1.1528001572993048e-7	-14.642934032486831	0.134	0.179	2.3056003145986096e-4
Ovgp1	1.2210546107644223e-7	-13.947815688911973	0	0.103	2.4421092215288446e-4
Lrrc9	1.2842151761129426e-7	-7.378216961799327	0.018	0.233	2.568430352225885e-4
Ltb	1.3154522760857889e-7	-7.922696518274205	0.171	0.329	2.6309045521715775e-4
St8sia4	1.315931080668214e-7	-10.153950553554363	0.134	0.239	2.6318621613364277e-4
Trav21-dv12	1.3679106981504963e-7	3.6185962568931203	0.018	0.159	2.7358213963009923e-4
Slc25a37	1.3742235118387582e-7	5.850411285684807	0.518	0.196	2.7484470236775163e-4
Tox3	1.3945974555328577e-7	-3.4082710512293364	0.055	0.164	2.789194911065715e-4
Pparg	1.5459955977163064e-7	-12.0227131953554	0.037	0.166	3.0919911954326127e-4
Upp1	1.6953945775110664e-7	-12.651622185002923	0.055	0.194	3.3907891550221325e-4
Prdx5	1.7246539944594969e-7	-7.31457469151271	0.25	0.377	3.449307988918994e-4
Adam8	1.7595218089343458e-7	-13.907272455689297	0.006	0.116	3.519043617868692e-4
Insl5	1.780095048285706e-7	2.3235947219033797	0.14	0.173	3.560190096571412e-4
Igtp	1.7895279040956397e-7	-10.181380715367482	0.043	0.209	3.579055808191279e-4
Zfp846	1.8346131780667605e-7	-6.657172404803923	0.152	0.276	3.669226356133521e-4
Fxyd7	2.0038274003825723e-7	-5.206203630300557	0.159	0.213	4.007654800765145e-4
Cadm4	2.0584825441496642e-7	-15.092294349312372	0	0.129	4.1169650882993286e-4
Pdk2	2.105377824220211e-7	-11.193865286978435	0.024	0.179	4.210755648440422e-4
Cacna2d4	2.1581938434853222e-7	-11.317122492116715	0.03	0.173	4.316387686970644e-4
Stxbp6	2.2898196123400513e-7	-8.472841049142513	0.018	0.144	4.5796392246801027e-4
Fbxl22	2.3939863247331783e-7	-11.60331401442308	0.024	0.167	4.7879726494663564e-4
Cd200r1	2.4167267074584805e-7	-13.393708477603818	0.006	0.125	4.833453414916961e-4
Tnni3	2.423993036927728e-7	-13.16273542969779	0.11	0.188	4.847986073855456e-4
Olig3	2.468915002229034e-7	-13.370270557618428	0.201	0.215	4.937830004458068e-4
Npm2	2.525112344800336e-7	-14.290700537351158	0.03	0.206	5.050224689600672e-4
Efcab9	2.5511733003040237e-7	-14.066998719050353	0.006	0.151	5.102346600608048e-4
Dnase1l2	2.6741524358453653e-7	3.396373799824122	0.159	0.142	5.348304871690731e-4
Samd9l	2.704819154216833e-7	-0.6452217308712314	0.116	0.249	5.409638308433666e-4
Dusp2	2.8089887538753433e-7	-5.96102293215112	0.183	0.329	5.617977507750687e-4
Cd69	2.949160413347779e-7	2.8711526850544598	0.098	0.131	5.898320826695558e-4
Arhgap20	2.9577052592575164e-7	-0.7689053322084671	0.134	0.117	5.915410518515032e-4
C530008M17Rik	2.964523340589738e-7	-13.7420741436591	0	0.111	5.929046681179476e-4
Star	2.9773262028338814e-7	-12.138306958768672	0.085	0.183	5.954652405667762e-4
Aplp1	2.9863023303748986e-7	-13.666626377842515	0	0.127	5.972604660749797e-4
Adamts14	3.0623070490939344e-7	-13.933901294649319	0.256	0.22	6.124614098187869e-4
Cacnb4	3.1678630249583053e-7	-13.723157911387213	0.238	0.22	6.33572604991661e-4
Tnfrsf23	3.2152233571142836e-7	-13.80995631228589	0.03	0.134	6.430446714228567e-4
Loxl2	3.284454919772003e-7	1.6566730702928911	0.061	0.193	6.568909839544006e-4
Ctla2b	3.3446869181498616e-7	-12.781434476277271	0.03	0.177	6.689373836299723e-4
1700019D03Rik	3.4486655578995774e-7	-5.42274106752861	0.146	0.167	6.897331115799154e-4
Tex14	3.806083736853742e-7	-13.25800403510369	0.024	0.211	7.612167473707484e-4
Spo11	3.936043690248178e-7	-8.045701042042072	0.262	0.243	7.872087380496356e-4
Slc25a27	4.1875031807618146e-7	-8.37523146279735	0.091	0.227	8.375006361523629e-4
Misp	4.21949725709771e-7	-4.4269679573100635	0.018	0.107	8.43899451419542e-4
Gm20605	4.239721331898302e-7	-5.851442365055609	0.079	0.208	8.479442663796604e-4
Acer2	4.3944116090021343e-7	-14.273542105203882	0.11	0.155	8.788823218004269e-4
Adam4	4.487473365654481e-7	-13.815330508414505	0	0.222	8.974946731308962e-4
Pou4f1	4.6981297419575115e-7	-13.744954607367113	0	0.171	9.396259483915023e-4
Tssk6	4.88901005426914e-7	-13.07203320683053	0.006	0.165	9.778020108538279e-4
Lamp2	5.17801874182683e-7	-13.632850304236504	0.14	0.205	0.0010356037483653662
Gm24336	5.325089935186272e-7	2.1498170637583414	0.189	0.216	0.0010650179870372544
Mical2	5.473021663293559e-7	-1.966697488336509	0.183	0.151	0.0010946043326587119
Tnfsf8	5.613558645993844e-7	-13.95220153043684	0	0.152	0.0011227117291987686
Map4	5.74115646854768e-7	-5.402228696339006	0.159	0.251	0.001148231293709536
Acad12	6.109226599594935e-7	-14.790979070774403	0.238	0.232	0.001221845319918987
Dnal1	6.151559152197192e-7	-0.6887965433453385	0.085	0.14	0.0012303118304394383
Prdm1	6.260430811933848e-7	3.217704511841326	0.256	0.179	0.0012520861623867697
Iqch	6.363108738691121e-7	2.125056562087151	0.006	0.172	0.0012726217477382242
Efnb2	6.553763053818842e-7	-13.988409949168137	0	0.111	0.0013107526107637684
Ifi202b	7.335498322919617e-7	-13.622183163715649	0.006	0.116	0.0014670996645839234
Ctif	7.402472257423348e-7	-13.059891450808948	0.03	0.179	0.0014804944514846697
Id3	7.417293742536924e-7	-0.6786262296823153	0.177	0.303	0.0014834587485073848
Aire	7.931799392740345e-7	2.5620922099542085	0.116	0.099	0.001586359878548069
Zfp174	8.308443664152377e-7	-4.488395233534552	0.091	0.17	0.0016616887328304755
Apold1	8.383714205990045e-7	-14.525448881077015	0	0.101	0.001676742841198009
Fbxl21	8.939690669182774e-7	-13.623225487110227	0	0.153	0.0017879381338365547
Dgka	9.16018589291928e-7	-3.990400583017553	0.189	0.308	0.001832037178583856
Adamts6	9.224289360412903e-7	-8.58124034693324	0.049	0.154	0.0018448578720825805
Hspb1	9.29856959050905e-7	-11.071538994660587	0.11	0.076	0.00185971391810181
Ckmt1	9.515984422803624e-7	-13.542697550161822	0.018	0.1	0.0019031968845607248
Atcay	9.935216219005278e-7	-12.53318064809149	0.006	0.111	0.0019870432438010557
Osbpl5	9.968406982211304e-7	-12.913465705342654	0.012	0.132	0.0019936813964422607
Wdfy2	9.981092909391885e-7	-2.16126382693977	0.171	0.233	0.0019962185818783768
Yae1d1	1.0043621082299432e-6	-15.346433967581437	0.14	0.264	0.0020087242164598864
Slc27a3	1.0440908982049774e-6	-12.643852377851578	0.012	0.161	0.002088181796409955
Pcx	1.0602947347512701e-6	-13.367506985482564	0.104	0.162	0.00212058946950254
Tuba1a	1.1009085939404222e-6	-14.047037679678139	0.201	0.283	0.0022018171878808446
Syngr1	1.115885293127715e-6	-12.999908427175072	0.049	0.153	0.00223177058625543
Plekho1	1.1177710371440828e-6	-6.976061159407791	0.091	0.179	0.0022355420742881655
H2-Q4	1.1447219140527665e-6	-3.6954477325405946	0.183	0.277	0.002289443828105533
Col4a4	1.1663842929731648e-6	-13.629229593883663	0.018	0.229	0.0023327685859463295
Cldn10	1.174868791193263e-6	-12.523215889942229	0.006	0.177	0.002349737582386526
Ifi27	1.2362221852640899e-6	-4.059719371328018	0.116	0.279	0.0024724443705281796
Il13ra1	1.2579604829941866e-6	-11.273414876910467	0.006	0.113	0.002515920965988373
Magi1	1.2938272708001182e-6	-10.091279057258337	0.25	0.23	0.0025876545416002364
Hs3st3b1	1.3109901339581126e-6	-12.927594264731823	0.006	0.1	0.002621980267916225
1700092M07Rik	1.3396708292734782e-6	3.949698697821553	0.012	0.111	0.002679341658546956
Gmcl1	1.355372095371832e-6	-12.727093575611704	0.091	0.262	0.002710744190743664
Hpse	1.403348802046819e-6	-12.399641683620667	0.018	0.129	0.0028066976040936383
Bex2	1.4368502437974955e-6	-13.044476529430527	0.037	0.215	0.002873700487594991
Wnk2	1.4498831097206282e-6	-13.516607823137932	0.128	0.171	0.0028997662194412566
Arl6ip1	1.5404895686426119e-6	-8.221432073533071	0.207	0.374	0.0030809791372852237
Ager	1.5413462829842789e-06	1.3965881231485735	0.171	0.168	0.0030826925659685578
Optn	1.5777447077254518e-6	4.524029036781062	0.085	0.156	0.0031554894154509033
Gadd45g	1.6139832886622646e-6	-12.176086750328956	0.03	0.139	0.0032279665773245294
BC049352	1.6467237684949335e-6	-14.161603030079185	0.189	0.207	0.003293447536989867
Tuft1	1.6806607994992917e-6	-11.880699992767951	0.171	0.196	0.0033613215989985834
Krt222	1.753470312768117e-6	-13.009514076308232	0.012	0.101	0.003506940625536234
Ptpdc1	1.7882326588798027e-6	-0.30084359900187074	0.012	0.13	0.0035764653177596055
Lag3	1.7948673080574127e-6	-14.120486781982558	0.085	0.189	0.003589734616114825
Cd79b	1.8704590980529196e-6	-13.802359350890919	0.055	0.168	0.0037409181961058392
Litaf	1.969826235027629e-6	-12.464258641475288	0.018	0.101	0.003939652470055258
Spag16	2.0547362499732558e-6	3.7302660984903824	0.012	0.176	0.004109472499946512
Mir6236	2.069358125753498e-6	4.123366402259668	0.421	0.293	0.004138716251506996
Tmem253	2.0841944303178066e-6	-13.901915975287718	0.012	0.186	0.004168388860635613
A3galt2	2.1439791854198195e-6	-13.990629979423936	0	0.12	0.004287958370839639
Mylip	2.2346721405705183e-6	-5.899327664936815	0.104	0.213	0.004469344281141037
Lgals3bp	2.304577567405012e-6	-12.85075960234756	0.024	0.166	0.0046091551348100245
Fn3k	2.423326431982388e-6	-10.648498474094247	0.183	0.219	0.004846652863964776
Grtp1	2.4473968618563935e-6	-6.28896219231622	0.14	0.15	0.004894793723712787
Ptger2	2.5247074889387414e-6	-7.69910077800234	0.006	0.108	0.0050494149778774824
Xrra1	2.556562203266811e-6	-5.423836188392487	0.152	0.189	0.005113124406533622
6430548M08Rik	2.667779019416618e-6	-12.746636956569299	0.079	0.189	0.005335558038833236
Nuak1	2.8405767784817697e-6	-12.48569873312871	0.012	0.105	0.005681153556963539
Aplp2	2.8706347820285737e-6	-11.835157654263005	0.201	0.27	0.005741269564057148
Tle6	3.0689284661001096e-6	-14.634536982262755	0.159	0.202	0.0061378569322002195
Bpgm	3.131798336031564e-6	-3.937370538682492	0.329	0.251	0.006263596672063128
Cdkn1c	3.26284868272556e-6	-13.914679090236854	0.171	0.235	0.00652569736545112
Gbp4	3.280147928529666e-6	3.7162902591475513	0.134	0.243	0.006560295857059332
Zbp1	3.3219007657391722e-6	-10.349887115038266	0.073	0.203	0.006643801531478344
Hagh	3.852006091358525e-6	-10.572748209383601	0.165	0.21	0.00770401218271705
Scn4b	3.8581013372408805e-6	-9.832435284434023	0.03	0.143	0.007716202674481761
Samsn1	3.9538173590147826e-06	-10.43938741288142	0.128	0.215	0.007907634718029565
Siglec1	4.016416138169215e-6	-13.011001851034736	0.012	0.141	0.00803283227633843
Trav15-1-dv6-1	4.283522131952656e-6	3.046560115664944	0.043	0.19	0.008567044263905312
Nox1	4.320243007137556e-6	-6.707226392129359	0.018	0.204	0.008640486014275112
Nhsl1	4.490210305465648e-6	-11.110696066982225	0.067	0.153	0.008980420610931296
Dusp5	4.811092848176907e-6	-1.6528701859938613	0.195	0.315	0.009622185696353813
Rsad2	4.865804024480251e-6	4.10635831628503	0.293	0.218	0.009731608048960502
Tnfrsf18	4.958841556619449e-6	-11.49742528196525	0.049	0.153	0.009917683113238897
Doc2g	5.25912763254079e-6	-13.211716409556871	0.049	0.201	0.01051825526508158
Tnni1	5.962120997491639e-6	-11.583158564806805	0.043	0.158	0.011924241994983278
Trim3	6.134010462420382e-6	-13.368786566865401	0	0.133	0.012268020924840764
Gzmb	6.138686802477622e-6	-14.747633303174819	0.018	0.122	0.012277373604955243
Ogfrl1	6.218865392960443e-6	-12.048159038583988	0.091	0.153	0.012437730785920885
Cecr2	6.416816308435857e-6	-14.688367733343867	0.073	0.186	0.012833632616871714
Rtp4	6.430966789392626e-6	-13.118682259498966	0.024	0.168	0.012861933578785251
March3	6.485148831845065e-6	-2.6933355301931403	0.012	0.139	0.01297029766369013
Rasl11b	6.58188211204687e-6	-8.345817719453622	0.159	0.25	0.01316376422409374
Egfl8	6.802424218593263e-6	-6.44091038659327	0.159	0.182	0.013604848437186528
Gfod2	6.89844641403056e-6	0.9595426653528811	0.061	0.199	0.01379689282806112
Trbv13-1	6.959299076157407e-6	-11.426443593033376	0.024	0.201	0.013918598152314814
Ciart	7.235770571505561e-6	-14.028035507681837	0	0.186	0.014471541143011123
Basp1	7.26035118013328e-6	-10.122056141779082	0.189	0.243	0.01452070236026656
Zfp128	7.587255304542332e-6	-14.43485301544566	0	0.237	0.015174510609084665
Lypd1	7.618923884649148e-6	2.90457944513696	0.171	0.179	0.015237847769298296
Tgm1	7.85804720420313e-6	-12.320191142869422	0.03	0.139	0.01571609440840626
Mfsd9	7.858864787639609e-6	-13.90387677560979	0.091	0.122	0.015717729575279216
Cd59b	8.204222705165549e-6	-13.250566999141183	0.091	0.13	0.0164084454103311
Rgs2	8.267891230997924e-6	-8.222925048794519	0.14	0.245	0.016535782461995847
Nphs2	8.527761592620837e-6	-10.657981097517954	0.177	0.199	0.017055523185241672
Nyap1	8.759099151422643e-6	-6.308524586015602	0.268	0.236	0.017518198302845286
Mzb1	8.88366293715559e-6	-13.66574404829788	0.03	0.238	0.01776732587431118
Osgin1	8.919101888644434e-6	-13.603558210454688	0.061	0.12	0.017838203777288866
Syp	8.922791541311319e-6	-13.747477724617543	0	0.133	0.017845583082622636
Ntn1	9.08189523605489e-6	-9.803308335661018	0.037	0.153	0.01816379047210978
Plcl1	9.62956861727257e-6	-11.792810148283499	0.195	0.209	0.01925913723454514
Dach2	9.7265321093534e-6	4.365099375137678	0.024	0.15	0.019453064218706802
Foxn1	1.023023749189286e-5	-11.28126185549632	0.116	0.044	0.02046047498378572
Cc2d2a	1.0260241899500187e-5	-12.064103741072982	0.018	0.104	0.020520483799000372
Gm14443	1.0301966761192525e-5	-12.995029856961619	0.037	0.181	0.02060393352238505
Prss27	1.042758106923211e-5	-4.601489124871426	0.238	0.188	0.02085516213846422
5730522E02Rik	1.0845449384482116e-5	-13.553243492483096	0.177	0.193	0.021690898768964233
Phf11b	1.1240104331001694e-5	-13.010769321290011	0.006	0.134	0.022480208662003388
Auts2	1.1567790813195045e-5	-13.100301035394137	0.012	0.103	0.02313558162639009
Kctd11	1.1688977617534652e-5	-13.888320285454812	0	0.155	0.023377955235069303
1700029I15Rik	1.1704509780179587e-5	3.6706542713341666	0.122	0.144	0.023409019560359175
Hus1b	1.216298744891438e-5	-13.752972622218401	0	0.16	0.02432597489782876
Tle2	1.2699821707840071e-5	-7.636050670627344	0.055	0.162	0.025399643415680143
Ankrd6	1.2879369821795652e-5	-12.669582487877326	0.104	0.203	0.025758739643591304
Serpinb5	1.2916750212176107e-5	-12.806723242916604	0.091	0.111	0.025833500424352212
Six1	1.3523620467213979e-5	-8.690893306198788	0.006	0.11	0.02704724093442796
Slc46a2	1.4502029467506093e-5	-11.495484685085344	0.146	0.064	0.02900405893501219
Igkc	1.4699109829490421e-5	-7.098344063396857	0.159	0.151	0.029398219658980842
Pds5b	1.4703567808188002e-5	-10.028705234371673	0.146	0.242	0.029407135616376003
Apobec1	1.4934904610115505e-5	-14.445775188578915	0	0.135	0.02986980922023101
Jun	1.639667165771747e-5	-3.892649154561102	0.11	0.153	0.032793343315434945
Prm1	1.6986993661211177e-5	-13.006256617893017	0.024	0.244	0.03397398732242236
Tmem86b	1.702369893149822e-5	-11.715813104229941	0.201	0.223	0.034047397862996445
B230217C12Rik	1.741849809475135e-5	-12.46962237764324	0.024	0.107	0.0348369961895027
Erp27	1.742985532911593e-5	2.307336962574821	0.012	0.151	0.03485971065823186
Rnf122	1.76965727997773e-5	-13.079154779357506	0.03	0.123	0.0353931455995546
Nav1	1.7764080934448184e-5	-12.302612846832563	0.104	0.109	0.03552816186889637
Lrrc8e	1.8654981590364686e-5	-14.182718548546555	0.006	0.19	0.03730996318072937
Tes	2.029008332356916e-5	-2.43454038903652	0.152	0.193	0.040580166647138316
Lamc1	2.0445684457196522e-5	-13.354714719407673	0.018	0.117	0.040891368914393045
Tnfaip3	2.0741210253248897e-5	3.527269113095328	0.14	0.211	0.041482420506497794
Itgb2	2.1393318019931288e-5	-9.72008225647372	0.226	0.27	0.042786636039862574
Sult2b1	2.1425739881310636e-5	-12.922096877088096	0.146	0.131	0.04285147976262127
Col23a1	2.1484321060825576e-5	-7.5409420305518875	0.012	0.131	0.04296864212165115
Esrp2	2.2033758408456598e-5	-7.8804071227963215	0.189	0.239	0.0440675168169132
Col4a1	2.2349428232930327e-5	-8.049449638069897	0.134	0.061	0.04469885646586065
Mad1l1	2.27452837739906e-5	-4.143234686856864	0.165	0.261	0.0454905675479812
Spats2l	2.3136361209562484e-5	-8.728831595937017	0.122	0.165	0.046272722419124966
Pld2	2.352278250327889e-5	-12.702618172262621	0.012	0.143	0.04704556500655779
Pnpo	2.4029573078755772e-5	-1.3939160618458768	0.134	0.157	0.04805914615751154
Gm25939	2.4731427313761972e-5	-13.573927888147495	0.024	0.109	0.04946285462752394
Gpr21	2.4755826329092343e-5	-13.795359482716014	0	0.114	0.049511652658184684
Mertk	2.503313132897952e-5	-13.246756586749381	0.037	0.111	0.05006626265795904
Gm22504	2.5433339520219683e-5	-2.409144355936613	0.03	0.184	0.050866679040439365
Tctex1d1	2.556641080961087e-5	-4.9629012406892326	0.305	0.29	0.05113282161922174
Tec	2.64281613135135e-5	-4.626880029510948	0.085	0.178	0.052856322627027
Il17f	2.9445959154822407e-5	-12.957192554070948	0.043	0.157	0.05889191830964481
Ptms	2.9642344778759364e-5	-11.926345337636436	0.189	0.375	0.05928468955751873
Trav2	3.01741041727544e-5	-4.964660184925737	0.159	0.183	0.0603482083455088
Pacsin1	3.052965933794922e-5	-3.239701735041239	0.11	0.157	0.06105931867589844
Jup	3.0723911427566723e-5	-10.185062962825503	0.128	0.208	0.06144782285513345
Gpx1	3.0825988813570565e-5	-2.5006009553013993	0.28	0.312	0.06165197762714113
Prnp	3.0955546529930874e-5	-13.566513311960408	0.073	0.137	0.06191109305986175
B3gnt8	3.1029595523277885e-5	-6.180332003868811	0.055	0.171	0.062059191046555766
Iigp1	3.174846326479056e-5	-15.697818153590617	0.049	0.196	0.06349692652958111
Tmcc3	3.214351444298519e-5	-10.683834583873377	0.03	0.18	0.06428702888597038
Aqp5	3.271462106983118e-5	-11.974538083018695	0.043	0.106	0.06542924213966236
Ung	3.486547937363385e-5	-9.520616698733825	0.085	0.178	0.0697309587472677
Fbln2	3.566069198124108e-5	-12.264011544154302	0.104	0.216	0.07132138396248217
Zfp619	3.610008390451217e-5	-1.27785291963548	0.262	0.239	0.07220016780902434
Gm23887	3.6676497692511815e-5	-3.8980669050214214	0.122	0.156	0.07335299538502363
Trim62	3.694073643732262e-5	-4.140359907060445	0.006	0.16	0.07388147287464523
Tpm1	3.7234653453723785e-5	-12.72748921086765	0.14	0.225	0.07446930690744757
Rrad	3.796086326477671e-5	-13.797952971314821	0.079	0.126	0.07592172652955342
Nebl	3.797002407932329e-5	-2.6474551278429974	0.244	0.342	0.07594004815864658
Sh3bgr	3.8260632599632315e-5	-12.393690600300156	0.091	0.203	0.07652126519926462
Icam1	4.055915855072753e-5	-14.428663473912573	0.061	0.142	0.08111831710145506
Aqp7	4.1864415346780425e-5	-12.448752880567632	0.043	0.22	0.08372883069356085
Prodh	4.19207474096668e-5	-4.980194138133657	0.079	0.194	0.0838414948193336
Nkapl	4.259520976056925e-5	-11.629067796372272	0.049	0.169	0.0851904195211385
Gm23864	4.458263213391834e-5	-14.09595803234311	0.091	0.166	0.08916526426783668
Il2ra	4.5452804747806463e-5	-7.294857333198676	0.104	0.105	0.09090560949561292
Cdo1	4.574059269882874e-5	-14.53838768624182	0.006	0.146	0.09148118539765748
Drc1	4.606421573119031e-5	-12.570134656092781	0.012	0.118	0.09212843146238062
Arrdc4	4.713359031173799e-5	-11.176050770302918	0.037	0.146	0.09426718062347599
Pik3ip1	4.7826830863109805e-5	-4.179406167197217	0.177	0.261	0.09565366172621961
Gp5	4.789303105020043e-5	-13.345252994032434	0.03	0.18	0.09578606210040086
C1qtnf9	4.871742705217501e-5	3.112557280445996	0.177	0.097	0.09743485410435002
